,TICID,Camera,CCD,Tmag,RA,Dec,planet,light_curve
447,3996132,2,2,8.21,140.051,-38.0812,0,TessLightCurve(TICID: 3996132)
10091,189564946,2,3,8.18,143.6687,-25.9108,0,TessLightCurve(TICID: 189564946)
12239,270627594,4,2,7.64,87.2348,-53.462,0,TessLightCurve(TICID: 270627594)
3729,55650170,4,3,10.2,73.8468,-63.4509,0,TessLightCurve(TICID: 55650170)
2637,38609673,4,3,11.19,64.9533,-65.4548,0,TessLightCurve(TICID: 38609673)
5799,133848187,3,2,8.37,121.5331,-41.7905,0,TessLightCurve(TICID: 133848187)
1193,24914757,2,2,8.0,142.3461,-35.5893,0,TessLightCurve(TICID: 24914757)
16319,345032207,1,3,8.4,152.9073,2.2214,0,TessLightCurve(TICID: 345032207)
10009,189297201,2,3,8.09,141.8645,-28.3946,0,TessLightCurve(TICID: 189297201)
7850,150321663,4,2,14.73,95.5414,-61.602,0,TessLightCurve(TICID: 150321663)
8316,167123841,4,1,10.09,96.3016,-66.4861,0,TessLightCurve(TICID: 167123841)
2297,33839723,4,4,10.61,64.8101,-72.505,0,TessLightCurve(TICID: 33839723)
19920,469351478,1,4,10.38,141.8011,0.6395,0,TessLightCurve(TICID: 469351478)
6963,144629665,2,1,9.62,121.5306,-30.5524,0,TessLightCurve(TICID: 144629665)
4869,94003407,3,1,10.38,130.7237,-48.8674,0,TessLightCurve(TICID: 94003407)
1521,25779498,2,2,12.8,145.4576,-31.2815,0,TessLightCurve(TICID: 25779498)
18229,382529139,3,4,11.12,117.6105,-61.1454,0,TessLightCurve(TICID: 382529139)
1717,29210198,3,1,6.51,132.8656,-42.5044,0,TessLightCurve(TICID: 29210198)
10951,238230578,4,4,11.27,59.4268,-72.568,0,TessLightCurve(TICID: 238230578)
4931,95864716,1,1,6.96,136.2386,-10.1217,0,TessLightCurve(TICID: 95864716)
3900,56794980,2,1,8.03,127.3601,-34.6993,0,TessLightCurve(TICID: 56794980)
14693,306665596,4,1,9.44,120.1645,-67.0473,0,TessLightCurve(TICID: 306665596)
10590,231088021,4,3,8.75,68.7216,-69.083,0,TessLightCurve(TICID: 231088021)
14326,300086597,4,1,9.71,108.1034,-70.4376,0,TessLightCurve(TICID: 300086597)
15741,339767654,3,3,10.36,111.2182,-55.762,0,TessLightCurve(TICID: 339767654)
753,13821163,1,1,10.31,134.2135,-5.9325,0,TessLightCurve(TICID: 13821163)
19996,471015190,4,1,10.59,95.995,-68.485,0,TessLightCurve(TICID: 471015190)
4223,62844832,1,3,9.9,154.7229,-2.8733,0,TessLightCurve(TICID: 62844832)
15649,332712516,1,2,9.18,150.444,-14.7242,0,TessLightCurve(TICID: 332712516)
7019,145312494,3,1,8.99,132.1021,-48.8437,0,TessLightCurve(TICID: 145312494)
9585,180984873,3,1,8.14,130.0034,-41.1126,0,TessLightCurve(TICID: 180984873)
11080,255565783,4,2,5.29,96.3212,-51.8397,0,TessLightCurve(TICID: 255565783)
2402,38033574,2,3,12.26,136.8924,-24.3024,0,TessLightCurve(TICID: 38033574)
18227,382529041,3,4,8.99,117.8,-61.2545,0,TessLightCurve(TICID: 382529041)
8249,156539266,2,1,15.63,125.0052,-26.9836,0,TessLightCurve(TICID: 156539266)
13240,281426580,3,2,9.65,110.1284,-40.9269,0,TessLightCurve(TICID: 281426580)
12596,275308895,1,3,5.3,149.7034,4.8083,0,TessLightCurve(TICID: 275308895)
18071,382041479,4,3,14.63,78.8653,-59.6191,0,TessLightCurve(TICID: 382041479)
7011,145174856,2,1,14.74,122.3276,-31.5308,0,TessLightCurve(TICID: 145174856)
10254,196461089,2,1,15.83,129.5586,-28.9674,0,TessLightCurve(TICID: 196461089)
2712,38708544,4,3,9.4,66.6153,-64.0262,0,TessLightCurve(TICID: 38708544)
5315,118759591,2,4,10.95,134.607,-18.4318,0,TessLightCurve(TICID: 118759591)
13868,293267933,4,2,11.2,98.456,-62.5388,0,TessLightCurve(TICID: 293267933)
8217,155885021,2,1,8.69,123.9184,-26.011,0,TessLightCurve(TICID: 155885021)
15076,308695364,2,4,8.3,135.3897,-14.4912,0,TessLightCurve(TICID: 308695364)
16225,344136084,3,3,10.46,108.2226,-52.3301,0,TessLightCurve(TICID: 344136084)
1116,22970720,3,2,13.62,109.18,-41.3158,0,TessLightCurve(TICID: 22970720)
1847,30189015,4,3,12.01,73.8066,-69.1104,0,TessLightCurve(TICID: 30189015)
13430,285403759,2,1,13.99,129.2146,-28.5784,0,TessLightCurve(TICID: 285403759)
2920,41110118,4,4,11.7,91.1243,-70.9527,0,TessLightCurve(TICID: 41110118)
2406,38039056,2,2,14.52,136.8272,-29.4636,0,TessLightCurve(TICID: 38039056)
15721,339672887,3,3,4.78,110.4401,-56.2529,0,TessLightCurve(TICID: 339672887)
2172,33281803,1,3,12.96,149.449,-6.1858,0,TessLightCurve(TICID: 33281803)
10518,220477688,4,3,11.25,75.7045,-59.5998,0,TessLightCurve(TICID: 220477688)
9331,177388161,4,4,10.09,104.7666,-74.6323,0,TessLightCurve(TICID: 177388161)
10251,196428622,2,1,14.59,129.4972,-27.6505,0,TessLightCurve(TICID: 196428622)
2784,38828734,4,3,11.13,68.557,-63.3111,0,TessLightCurve(TICID: 38828734)
6775,142788010,1,4,11.13,138.2136,-0.1158,0,TessLightCurve(TICID: 142788010)
5950,140080455,3,1,10.2,126.4692,-48.0858,0,TessLightCurve(TICID: 140080455)
2203,33321190,1,2,13.85,150.1969,-7.5586,0,TessLightCurve(TICID: 33321190)
148,1141827,2,4,10.84,130.7286,-15.1853,0,TessLightCurve(TICID: 1141827)
15704,339636336,3,3,9.7,110.1914,-55.026,0,TessLightCurve(TICID: 339636336)
13157,279572280,4,2,9.6,106.0719,-58.0806,0,TessLightCurve(TICID: 279572280)
14914,308308548,3,4,11.61,120.232,-61.3371,0,TessLightCurve(TICID: 308308548)
1366,25278209,2,2,15.38,143.6085,-31.8328,0,TessLightCurve(TICID: 25278209)
7852,150322340,4,2,5.94,95.6289,-60.2183,0,TessLightCurve(TICID: 150322340)
12108,270205941,2,1,7.18,126.4572,-29.9322,0,TessLightCurve(TICID: 270205941)
8020,151611362,2,1,3.35,119.0946,-30.2847,0,TessLightCurve(TICID: 151611362)
7219,149037841,4,3,11.36,78.43,-62.962,0,TessLightCurve(TICID: 149037841)
11957,265438964,1,4,9.29,134.3278,5.8182,0,TessLightCurve(TICID: 265438964)
6510,141735184,3,1,9.68,129.844,-47.6963,0,TessLightCurve(TICID: 141735184)
17877,374909017,4,2,10.52,88.8577,-64.8005,0,TessLightCurve(TICID: 374909017)
19602,434415924,2,4,12.61,127.9726,-19.6227,0,TessLightCurve(TICID: 434415924)
6488,141683400,4,4,11.59,90.0099,-72.1883,0,TessLightCurve(TICID: 141683400)
8064,152578349,2,1,14.96,120.1154,-31.3667,0,TessLightCurve(TICID: 152578349)
16007,340459119,3,4,11.14,115.6934,-58.9773,0,TessLightCurve(TICID: 340459119)
13722,290474851,1,4,10.58,139.0463,1.6804,0,TessLightCurve(TICID: 290474851)
1215,25056647,2,2,8.28,142.7984,-31.4932,0,TessLightCurve(TICID: 25056647)
6515,141754291,4,4,12.29,90.99,-76.7867,0,TessLightCurve(TICID: 141754291)
3627,55478102,4,3,11.81,71.1642,-63.4237,0,TessLightCurve(TICID: 55478102)
2350,37372474,2,2,13.83,134.6681,-27.4976,0,TessLightCurve(TICID: 37372474)
18579,389925842,4,4,9.8,87.7243,-71.9667,0,TessLightCurve(TICID: 389925842)
2546,38516573,4,3,10.05,62.9686,-65.5266,0,TessLightCurve(TICID: 38516573)
3438,54774187,1,1,8.62,130.2131,-10.3126,0,TessLightCurve(TICID: 54774187)
17998,380037612,3,3,8.32,109.9484,-52.7979,0,TessLightCurve(TICID: 380037612)
11247,260002934,4,2,10.48,91.12,-58.6753,0,TessLightCurve(TICID: 260002934)
1274,25116013,4,3,9.44,61.1138,-67.1701,0,TessLightCurve(TICID: 25116013)
6464,141622119,4,4,11.03,89.0289,-73.2942,0,TessLightCurve(TICID: 141622119)
4628,79793854,3,2,9.48,120.754,-42.2519,0,TessLightCurve(TICID: 79793854)
2667,38678868,4,3,8.15,65.4048,-62.1219,0,TessLightCurve(TICID: 38678868)
14785,306935011,4,1,10.84,122.8324,-68.1148,0,TessLightCurve(TICID: 306935011)
2924,41173156,4,4,8.56,91.4813,-69.4618,0,TessLightCurve(TICID: 41173156)
10650,231617723,2,1,14.22,128.0577,-25.063,0,TessLightCurve(TICID: 231617723)
15004,308543309,4,1,9.63,121.1262,-63.7884,0,TessLightCurve(TICID: 308543309)
17635,364421326,4,1,8.13,119.573,-63.1315,0,TessLightCurve(TICID: 364421326)
8372,167306694,4,1,10.53,98.3176,-67.7582,0,TessLightCurve(TICID: 167306694)
10724,237934953,4,3,9.14,58.9092,-61.5534,0,TessLightCurve(TICID: 237934953)
9754,184901855,3,1,7.79,128.1273,-40.2087,0,TessLightCurve(TICID: 184901855)
13616,289482658,2,4,9.01,131.349,-14.1097,0,TessLightCurve(TICID: 289482658)
18423,386519808,2,3,10.4,144.4438,-17.789,0,TessLightCurve(TICID: 386519808)
18279,382630542,4,1,4.52,118.6226,-61.8716,0,TessLightCurve(TICID: 382630542)
1691,28793051,3,1,4.88,131.8286,-46.1554,0,TessLightCurve(TICID: 28793051)
4999,96098142,1,2,13.05,146.9788,-6.2416,0,TessLightCurve(TICID: 96098142)
10130,189993991,3,1,8.09,132.216,-40.2915,0,TessLightCurve(TICID: 189993991)
17168,350585491,4,2,14.54,87.1458,-54.8448,0,TessLightCurve(TICID: 350585491)
11844,262736216,1,3,7.91,149.3757,5.1033,0,TessLightCurve(TICID: 262736216)
10657,231739493,4,4,14.48,67.3018,-74.9209,0,TessLightCurve(TICID: 231739493)
15766,339857660,3,3,9.94,111.4814,-54.4356,0,TessLightCurve(TICID: 339857660)
1389,25378085,2,2,10.36,143.8936,-30.5032,0,TessLightCurve(TICID: 25378085)
16217,344029878,3,3,8.04,107.9202,-51.2977,0,TessLightCurve(TICID: 344029878)
1726,29425758,3,1,5.89,132.9583,-44.1509,0,TessLightCurve(TICID: 29425758)
3143,47055672,1,2,8.3,144.1502,-10.8015,0,TessLightCurve(TICID: 47055672)
7270,149156139,4,3,11.46,81.3097,-62.6095,0,TessLightCurve(TICID: 149156139)
15606,332635187,1,1,9.75,137.1246,-14.9359,0,TessLightCurve(TICID: 332635187)
5915,139799145,3,1,9.67,126.9317,-43.7178,0,TessLightCurve(TICID: 139799145)
15132,308919449,4,1,9.79,122.6181,-65.8524,1,TessLightCurve(TICID: 308919449)
6801,143152175,3,2,9.42,117.0345,-42.9411,0,TessLightCurve(TICID: 143152175)
82,972858,1,4,8.76,136.186,-1.1291,0,TessLightCurve(TICID: 972858)
3588,55401965,4,3,10.55,78.036,-61.4248,0,TessLightCurve(TICID: 55401965)
5677,131252593,3,2,8.76,117.8553,-41.3328,0,TessLightCurve(TICID: 131252593)
14630,302968021,4,4,10.1,63.3563,-79.06,0,TessLightCurve(TICID: 302968021)
7150,146776480,2,1,10.46,124.357,-34.4673,0,TessLightCurve(TICID: 146776480)
6843,143403396,1,3,8.55,155.0926,-2.7022,0,TessLightCurve(TICID: 143403396)
1211,24972409,2,2,14.14,142.6877,-32.1657,0,TessLightCurve(TICID: 24972409)
646,11932743,2,2,11.94,146.1005,-32.3024,0,TessLightCurve(TICID: 11932743)
12085,269901719,4,4,10.59,70.9545,-81.4271,0,TessLightCurve(TICID: 269901719)
17135,350560959,4,2,9.73,86.5005,-59.1759,0,TessLightCurve(TICID: 350560959)
2939,41256040,4,4,10.5,92.0729,-69.1721,0,TessLightCurve(TICID: 41256040)
2274,33833289,4,4,5.22,63.6291,-75.808,0,TessLightCurve(TICID: 33833289)
13266,281577119,3,4,10.67,114.3208,-57.8284,0,TessLightCurve(TICID: 281577119)
19265,410900691,3,3,8.01,107.1553,-48.9448,0,TessLightCurve(TICID: 410900691)
13089,279424511,4,2,11.99,105.0085,-58.8179,0,TessLightCurve(TICID: 279424511)
1968,30974214,3,1,14.4,135.1334,-42.8802,0,TessLightCurve(TICID: 30974214)
13135,279513662,3,3,10.78,105.772,-56.178,0,TessLightCurve(TICID: 279513662)
13230,281233905,1,4,9.96,140.3843,-1.1594,0,TessLightCurve(TICID: 281233905)
8757,173957871,3,2,5.59,113.4925,-39.9055,0,TessLightCurve(TICID: 173957871)
3665,55523561,4,3,8.05,72.0655,-62.4282,0,TessLightCurve(TICID: 55523561)
2659,38634757,4,3,9.31,65.0082,-64.7994,0,TessLightCurve(TICID: 38634757)
6405,141526547,4,4,8.02,87.1266,-76.5434,0,TessLightCurve(TICID: 141526547)
6735,142144915,4,4,10.68,99.8824,-74.3296,0,TessLightCurve(TICID: 142144915)
1230,25063296,4,4,10.53,60.0683,-71.2316,0,TessLightCurve(TICID: 25063296)
5888,134645611,3,2,10.42,122.691,-40.8535,0,TessLightCurve(TICID: 134645611)
4160,62649610,1,2,9.38,142.6852,-4.9595,0,TessLightCurve(TICID: 62649610)
3449,54781665,1,1,14.46,130.3752,-11.7453,0,TessLightCurve(TICID: 54781665)
12514,272548575,4,1,8.16,121.853,-72.156,0,TessLightCurve(TICID: 272548575)
14193,296726161,2,3,9.69,141.938,-17.0811,0,TessLightCurve(TICID: 296726161)
19805,455269377,1,3,10.31,146.139,2.1843,0,TessLightCurve(TICID: 455269377)
429,3449798,2,2,6.23,139.233,-40.1165,0,TessLightCurve(TICID: 3449798)
5255,118206384,2,4,8.11,129.1495,-20.0295,0,TessLightCurve(TICID: 118206384)
2513,38506944,4,3,8.36,61.9742,-60.5242,0,TessLightCurve(TICID: 38506944)
2647,38633445,4,3,11.73,65.0947,-60.8717,0,TessLightCurve(TICID: 38633445)
13139,279514464,3,3,9.1,105.8398,-55.0935,0,TessLightCurve(TICID: 279514464)
15396,315098279,2,3,10.7,145.2334,-29.4772,0,TessLightCurve(TICID: 315098279)
12538,275178576,1,4,10.08,143.2883,0.6985,0,TessLightCurve(TICID: 275178576)
1134,24439354,2,2,12.6,140.8006,-31.7556,0,TessLightCurve(TICID: 24439354)
12359,271640245,4,1,10.83,108.7972,-72.214,0,TessLightCurve(TICID: 271640245)
12720,277767532,1,3,10.51,154.1066,3.903,0,TessLightCurve(TICID: 277767532)
1332,25158216,2,2,13.84,143.2265,-31.9581,0,TessLightCurve(TICID: 25158216)
5558,128736887,2,1,8.31,118.3885,-29.7343,0,TessLightCurve(TICID: 128736887)
13786,290609036,1,4,7.78,140.3345,5.5039,0,TessLightCurve(TICID: 290609036)
8212,155814494,2,1,13.35,123.9128,-28.5995,0,TessLightCurve(TICID: 155814494)
10447,220422226,4,3,9.53,72.0956,-57.8726,0,TessLightCurve(TICID: 220422226)
4701,81543065,3,2,9.45,123.2837,-44.2785,0,TessLightCurve(TICID: 81543065)
3988,60619527,1,1,5.45,137.9638,-6.9796,0,TessLightCurve(TICID: 60619527)
8494,167603396,4,2,11.3,101.8995,-60.0375,0,TessLightCurve(TICID: 167603396)
10533,229838097,2,3,8.54,137.7524,-19.4831,0,TessLightCurve(TICID: 229838097)
8459,167550778,4,1,10.91,100.8366,-65.6543,0,TessLightCurve(TICID: 167550778)
7918,150427005,3,2,7.59,117.5,-35.1079,0,TessLightCurve(TICID: 150427005)
12167,270488574,1,4,10.46,135.6292,5.5474,0,TessLightCurve(TICID: 270488574)
11805,262687961,1,3,8.81,148.7287,4.8611,0,TessLightCurve(TICID: 262687961)
15993,340360114,3,4,15.35,115.4702,-57.1457,0,TessLightCurve(TICID: 340360114)
17484,358464244,3,4,12.37,118.8323,-61.0722,0,TessLightCurve(TICID: 358464244)
11882,264872589,3,4,10.64,117.8236,-58.7885,0,TessLightCurve(TICID: 264872589)
426,3307278,3,1,13.29,139.0423,-41.9435,0,TessLightCurve(TICID: 3307278)
12297,270771392,1,4,10.14,137.7423,3.6036,0,TessLightCurve(TICID: 270771392)
18417,386500642,1,2,8.5,144.3092,-12.2165,0,TessLightCurve(TICID: 386500642)
9405,178876755,1,3,10.22,151.4561,-3.6055,0,TessLightCurve(TICID: 178876755)
13274,281581798,3,4,12.44,115.9393,-60.7385,0,TessLightCurve(TICID: 281581798)
14353,300158616,4,1,10.38,108.8253,-69.2726,0,TessLightCurve(TICID: 300158616)
7875,150359325,4,2,10.51,96.146,-60.1502,0,TessLightCurve(TICID: 150359325)
15802,339956685,3,3,10.03,112.3117,-55.5968,0,TessLightCurve(TICID: 339956685)
1844,30185650,4,3,10.36,73.59,-68.0016,0,TessLightCurve(TICID: 30185650)
17914,375036675,4,1,10.38,99.5564,-65.6059,0,TessLightCurve(TICID: 375036675)
5493,123700977,3,2,10.07,115.6778,-44.3993,0,TessLightCurve(TICID: 123700977)
4523,77643964,1,3,8.24,154.0207,-2.1867,0,TessLightCurve(TICID: 77643964)
17182,350621055,4,2,9.26,87.5822,-59.3843,0,TessLightCurve(TICID: 350621055)
18630,391904670,4,1,8.9,106.4555,-72.6024,0,TessLightCurve(TICID: 391904670)
19699,447919253,3,1,8.67,135.7504,-42.8843,0,TessLightCurve(TICID: 447919253)
14680,306580862,4,1,10.47,119.5519,-67.9455,0,TessLightCurve(TICID: 306580862)
6272,141183894,4,4,10.15,81.5188,-73.1243,0,TessLightCurve(TICID: 141183894)
5738,132445617,3,2,8.03,119.5504,-39.6131,0,TessLightCurve(TICID: 132445617)
13495,286098292,1,4,9.6,138.3296,5.6639,0,TessLightCurve(TICID: 286098292)
2400,38033011,2,3,12.88,136.6596,-24.1858,0,TessLightCurve(TICID: 38033011)
11678,261207354,4,4,10.04,88.0619,-78.1851,0,TessLightCurve(TICID: 261207354)
2042,31486920,3,1,14.28,136.3381,-42.7761,0,TessLightCurve(TICID: 31486920)
9945,187252958,2,2,13.33,135.1507,-35.491,0,TessLightCurve(TICID: 187252958)
15361,312188512,1,4,9.94,141.2962,6.3092,0,TessLightCurve(TICID: 312188512)
14765,306895365,4,1,12.98,122.0567,-71.954,0,TessLightCurve(TICID: 306895365)
6045,140598225,4,4,10.87,68.6252,-76.2755,0,TessLightCurve(TICID: 140598225)
4969,95996550,1,2,8.73,145.9527,-9.9912,0,TessLightCurve(TICID: 95996550)
17909,375034775,4,2,13.77,99.6258,-61.9267,0,TessLightCurve(TICID: 375034775)
15874,340065512,3,4,9.28,113.2832,-57.7948,0,TessLightCurve(TICID: 340065512)
17486,358464396,3,4,11.63,118.8799,-60.9474,0,TessLightCurve(TICID: 358464396)
19219,410450260,3,4,9.24,117.9884,-60.3843,0,TessLightCurve(TICID: 410450260)
9434,179124163,4,4,9.68,79.4561,-71.9236,0,TessLightCurve(TICID: 179124163)
60,917746,1,4,10.55,135.9834,0.0005,0,TessLightCurve(TICID: 917746)
17000,350297825,4,2,12.65,83.7107,-58.028,0,TessLightCurve(TICID: 350297825)
19222,410450507,3,4,10.15,117.9648,-60.1588,0,TessLightCurve(TICID: 410450507)
16498,348841387,4,2,13.98,98.9867,-58.9513,0,TessLightCurve(TICID: 348841387)
9077,176871672,4,4,12.12,100.4931,-74.3637,0,TessLightCurve(TICID: 176871672)
6973,144714028,3,1,11.01,131.1226,-50.7742,0,TessLightCurve(TICID: 144714028)
9251,177242696,4,4,9.53,101.4844,-73.2622,0,TessLightCurve(TICID: 177242696)
5157,114745045,1,1,9.84,131.9274,-12.3543,0,TessLightCurve(TICID: 114745045)
2044,31505975,4,4,10.02,88.8495,-71.4338,0,TessLightCurve(TICID: 31505975)
17286,350840554,4,2,9.15,89.8404,-54.8709,0,TessLightCurve(TICID: 350840554)
13295,281637249,3,4,10.55,117.0595,-60.2227,0,TessLightCurve(TICID: 281637249)
13598,289409768,2,4,13.03,131.1599,-13.9798,0,TessLightCurve(TICID: 289409768)
12223,270580961,1,4,10.17,136.5044,3.908,0,TessLightCurve(TICID: 270580961)
6536,141770121,4,4,11.43,91.8745,-76.5178,0,TessLightCurve(TICID: 141770121)
14540,300705632,4,1,8.89,114.7639,-66.7219,0,TessLightCurve(TICID: 300705632)
4331,75145437,3,1,7.61,138.5335,-42.4676,0,TessLightCurve(TICID: 75145437)
12111,270390373,1,4,8.96,134.8075,2.6152,0,TessLightCurve(TICID: 270390373)
16901,349968807,4,1,11.82,114.3889,-61.4946,0,TessLightCurve(TICID: 349968807)
16936,350031852,3,4,10.32,115.1524,-60.1361,0,TessLightCurve(TICID: 350031852)
17903,375033146,4,2,11.95,99.1796,-60.7406,0,TessLightCurve(TICID: 375033146)
18958,405451488,1,2,10.65,143.2075,-12.4484,0,TessLightCurve(TICID: 405451488)
3028,46767887,1,2,9.92,141.5474,-8.8912,0,TessLightCurve(TICID: 46767887)
19642,437155738,2,4,14.4,123.4134,-19.5174,0,TessLightCurve(TICID: 437155738)
16476,348833448,1,1,12.85,134.6258,-14.0789,0,TessLightCurve(TICID: 348833448)
15239,309717743,4,1,11.12,126.1026,-65.8746,0,TessLightCurve(TICID: 309717743)
7639,150028806,4,2,8.2,90.8916,-62.1985,0,TessLightCurve(TICID: 150028806)
16306,344956162,1,3,8.84,152.1634,4.5088,0,TessLightCurve(TICID: 344956162)
17240,350740600,4,2,10.95,88.6649,-55.5392,0,TessLightCurve(TICID: 350740600)
8758,173958609,3,2,14.27,113.3905,-39.5185,0,TessLightCurve(TICID: 173958609)
11347,260239455,4,2,10.97,93.4205,-59.459,0,TessLightCurve(TICID: 260239455)
343,1677782,1,4,9.8,131.6948,-0.0529,0,TessLightCurve(TICID: 1677782)
5426,123105281,3,2,5.04,113.6821,-44.6918,0,TessLightCurve(TICID: 123105281)
12344,271595974,4,4,8.36,108.2766,-74.1379,0,TessLightCurve(TICID: 271595974)
11499,260505542,4,2,8.19,96.7452,-55.0331,0,TessLightCurve(TICID: 260505542)
8965,176400189,2,4,8.68,131.7367,-21.6668,0,TessLightCurve(TICID: 176400189)
4706,81614523,3,1,6.86,123.5223,-46.9175,0,TessLightCurve(TICID: 81614523)
15416,319258261,4,3,7.82,60.0574,-62.9016,0,TessLightCurve(TICID: 319258261)
15101,308749189,4,1,10.45,122.1463,-64.0623,0,TessLightCurve(TICID: 308749189)
13917,293604479,1,2,9.9,149.5685,-12.2577,0,TessLightCurve(TICID: 293604479)
9672,182741573,3,2,10.32,124.2688,-40.2814,0,TessLightCurve(TICID: 182741573)
15229,309702035,4,3,11.84,79.7157,-65.6896,0,TessLightCurve(TICID: 309702035)
5893,134856718,3,2,3.46,122.8395,-39.6186,0,TessLightCurve(TICID: 134856718)
5005,96103977,1,2,8.03,147.1335,-11.5335,0,TessLightCurve(TICID: 96103977)
6763,142753454,1,1,9.74,138.0804,-4.4282,0,TessLightCurve(TICID: 142753454)
18907,405023420,1,4,13.34,144.8178,6.5921,0,TessLightCurve(TICID: 405023420)
16389,347509145,1,1,11.1,133.4493,-13.6947,0,TessLightCurve(TICID: 347509145)
10124,189641264,2,3,9.93,144.2334,-25.4408,0,TessLightCurve(TICID: 189641264)
9033,176770785,2,3,9.09,142.4158,-20.3809,0,TessLightCurve(TICID: 176770785)
193,1232360,1,1,10.75,137.3146,-12.6049,0,TessLightCurve(TICID: 1232360)
6939,144040609,2,4,12.63,126.7625,-22.3646,0,TessLightCurve(TICID: 144040609)
3973,60552999,3,2,8.63,112.6626,-44.3976,0,TessLightCurve(TICID: 60552999)
16141,341419283,3,4,5.98,120.2079,-54.1512,0,TessLightCurve(TICID: 341419283)
10839,238032380,3,3,10.28,103.6099,-48.0429,0,TessLightCurve(TICID: 238032380)
10705,237930092,4,3,9.53,58.3689,-64.7451,0,TessLightCurve(TICID: 237930092)
15779,339862599,3,4,12.88,111.7957,-59.2084,0,TessLightCurve(TICID: 339862599)
16786,349576406,4,1,9.71,111.7814,-63.3549,0,TessLightCurve(TICID: 349576406)
12036,269408970,3,4,12.77,119.3804,-53.7406,0,TessLightCurve(TICID: 269408970)
7446,149542119,4,3,13.28,86.2528,-64.8996,0,TessLightCurve(TICID: 149542119)
11257,260041674,4,2,5.54,91.2781,-56.233,0,TessLightCurve(TICID: 260041674)
17944,375092929,4,2,9.84,88.6485,-53.1287,0,TessLightCurve(TICID: 375092929)
13560,287405060,4,4,9.01,82.3633,-68.8678,0,TessLightCurve(TICID: 287405060)
9041,176773201,2,3,8.55,142.5738,-19.8022,0,TessLightCurve(TICID: 176773201)
6487,141682931,4,4,12.05,90.096,-72.6084,0,TessLightCurve(TICID: 141682931)
17477,358463627,3,4,10.18,118.8795,-61.6011,0,TessLightCurve(TICID: 358463627)
12107,270152446,2,1,13.63,126.5031,-28.4595,0,TessLightCurve(TICID: 270152446)
1517,25778974,2,2,14.09,145.4934,-30.6834,0,TessLightCurve(TICID: 25778974)
16925,350027507,4,1,9.18,114.7279,-64.3096,0,TessLightCurve(TICID: 350027507)
11369,260267208,4,2,8.28,93.9122,-57.7013,0,TessLightCurve(TICID: 260267208)
6554,141809729,4,4,10.13,92.8596,-74.2382,0,TessLightCurve(TICID: 141809729)
18559,389865537,4,3,11.72,87.5526,-66.728,0,TessLightCurve(TICID: 389865537)
16993,350295773,4,2,10.06,83.37,-55.1629,0,TessLightCurve(TICID: 350295773)
8908,175370145,1,1,8.75,135.4274,-11.2588,0,TessLightCurve(TICID: 175370145)
11427,260355054,4,2,12.61,95.0236,-56.924,0,TessLightCurve(TICID: 260355054)
19400,418092525,2,3,8.9,145.8856,-21.5818,0,TessLightCurve(TICID: 418092525)
15149,308995977,3,4,11.1,123.1993,-62.4524,0,TessLightCurve(TICID: 308995977)
11859,262781888,1,4,9.29,141.4296,1.0844,0,TessLightCurve(TICID: 262781888)
12642,277099925,4,3,11.78,83.9865,-67.4596,1,TessLightCurve(TICID: 277099925)
57,915970,1,1,8.41,135.9331,-4.1582,0,TessLightCurve(TICID: 915970)
13172,279613634,3,3,8.77,106.4418,-56.2221,0,TessLightCurve(TICID: 279613634)
1268,25103312,2,2,11.36,143.0624,-30.5821,0,TessLightCurve(TICID: 25103312)
19907,469037967,1,4,7.95,145.5075,6.7313,0,TessLightCurve(TICID: 469037967)
16547,348903247,1,2,12.35,148.8073,-16.7399,0,TessLightCurve(TICID: 348903247)
9680,182886956,3,2,9.97,124.5299,-37.8988,0,TessLightCurve(TICID: 182886956)
12782,278726558,4,2,9.8,99.4115,-56.8418,0,TessLightCurve(TICID: 278726558)
16709,349310543,4,1,11.57,109.8265,-63.7284,0,TessLightCurve(TICID: 349310543)
16939,350093086,4,1,11.18,114.9798,-62.9224,0,TessLightCurve(TICID: 350093086)
11315,260162199,4,2,11.73,92.8038,-55.953,0,TessLightCurve(TICID: 260162199)
6209,140998337,4,4,10.88,78.0256,-77.5688,0,TessLightCurve(TICID: 140998337)
10345,219171835,4,2,9.61,91.2774,-52.9055,0,TessLightCurve(TICID: 219171835)
5694,131575333,3,2,9.11,118.2962,-37.1015,0,TessLightCurve(TICID: 131575333)
12219,270580191,1,4,9.15,136.4403,1.6591,0,TessLightCurve(TICID: 270580191)
7289,149178675,4,3,10.92,81.7697,-64.2665,0,TessLightCurve(TICID: 149178675)
14140,294872353,4,3,11.13,71.7685,-67.1147,0,TessLightCurve(TICID: 294872353)
16940,350093561,4,1,11.2,115.0374,-63.413,0,TessLightCurve(TICID: 350093561)
7560,149845414,1,1,8.88,135.5458,-3.4208,0,TessLightCurve(TICID: 149845414)
14180,296657146,1,2,7.26,141.6787,-14.4914,0,TessLightCurve(TICID: 296657146)
6094,140687382,4,4,8.98,72.9086,-75.9122,0,TessLightCurve(TICID: 140687382)
19476,423249004,2,3,9.39,140.4028,-20.7503,0,TessLightCurve(TICID: 423249004)
3743,55652221,4,3,11.74,74.0887,-61.5795,0,TessLightCurve(TICID: 55652221)
15438,319437235,3,3,10.33,100.325,-48.8643,0,TessLightCurve(TICID: 319437235)
15238,309717541,4,1,9.23,125.9257,-65.8114,0,TessLightCurve(TICID: 309717541)
12661,277300045,4,4,9.73,84.5399,-69.1059,0,TessLightCurve(TICID: 277300045)
14652,306505032,4,1,10.7,118.66,-71.5846,0,TessLightCurve(TICID: 306505032)
7758,150167643,4,2,13.19,93.498,-63.2064,0,TessLightCurve(TICID: 150167643)
467,4638974,2,2,12.97,141.3441,-37.1076,0,TessLightCurve(TICID: 4638974)
9464,179369970,4,4,8.9,79.9842,-71.4854,0,TessLightCurve(TICID: 179369970)
4948,95959143,1,1,9.55,136.6167,-11.5408,0,TessLightCurve(TICID: 95959143)
4397,76494115,3,1,9.35,140.5165,-45.6429,0,TessLightCurve(TICID: 76494115)
1536,25832776,2,2,10.73,145.6449,-31.7376,0,TessLightCurve(TICID: 25832776)
8632,170206627,3,3,8.35,102.1563,-46.0131,0,TessLightCurve(TICID: 170206627)
7152,146830441,2,1,11.81,124.3295,-32.1895,0,TessLightCurve(TICID: 146830441)
16673,349195106,4,1,8.89,108.688,-64.946,0,TessLightCurve(TICID: 349195106)
5156,114744336,2,4,8.92,131.8642,-13.2101,0,TessLightCurve(TICID: 114744336)
8774,174210704,3,2,7.33,114.0718,-40.5314,0,TessLightCurve(TICID: 174210704)
2457,38425946,4,3,9.66,60.7812,-63.1047,0,TessLightCurve(TICID: 38425946)
5635,130575760,3,3,9.91,105.5067,-46.8281,0,TessLightCurve(TICID: 130575760)
8182,155337656,2,1,14.58,123.2343,-24.4159,0,TessLightCurve(TICID: 155337656)
10314,218709302,2,1,13.62,124.4509,-23.6536,0,TessLightCurve(TICID: 218709302)
2241,33732017,4,4,8.72,61.435,-73.2805,0,TessLightCurve(TICID: 33732017)
19085,408382882,2,3,10.56,145.5556,-22.7594,0,TessLightCurve(TICID: 408382882)
297,1521462,1,2,6.32,149.4154,-16.5223,0,TessLightCurve(TICID: 1521462)
17308,350861314,4,2,10.36,90.5675,-59.237,0,TessLightCurve(TICID: 350861314)
19914,469349043,1,4,8.86,141.6914,1.0828,0,TessLightCurve(TICID: 469349041)
17200,350653658,4,2,10.98,87.7663,-57.6965,0,TessLightCurve(TICID: 350653658)
18422,386519419,1,2,10.71,144.3273,-17.1883,0,TessLightCurve(TICID: 386519419)
2177,33282859,1,2,9.86,149.564,-8.945,0,TessLightCurve(TICID: 33282859)
10077,189481469,2,3,9.4,143.1592,-25.5848,0,TessLightCurve(TICID: 189481469)
18503,389038380,1,4,9.44,141.9088,5.0955,0,TessLightCurve(TICID: 389038380)
1477,25669623,2,2,12.93,145.0923,-32.7509,0,TessLightCurve(TICID: 25669623)
3357,51867348,2,4,10.64,133.0752,-19.2211,0,TessLightCurve(TICID: 51867348)
2774,38825084,4,3,10.81,68.2622,-65.6536,0,TessLightCurve(TICID: 38825084)
600,11421324,2,3,4.26,146.0501,-27.7693,0,TessLightCurve(TICID: 11421324)
19609,434430460,2,3,8.0,139.3818,-18.2773,0,TessLightCurve(TICID: 434430460)
14703,306672035,4,1,10.18,120.5814,-68.2827,0,TessLightCurve(TICID: 306672035)
19802,455251131,1,3,9.53,145.9657,2.0556,0,TessLightCurve(TICID: 455251131)
340,1649491,1,1,9.18,131.6609,-5.1822,0,TessLightCurve(TICID: 1649491)
12264,270682916,1,4,12.59,137.2008,5.7734,0,TessLightCurve(TICID: 270682916)
727,13675348,1,1,10.8,133.3628,-9.6558,0,TessLightCurve(TICID: 13675348)
16010,340459465,3,4,10.45,115.6172,-59.352,0,TessLightCurve(TICID: 340459465)
505,5362024,2,3,8.71,139.0843,-18.625,0,TessLightCurve(TICID: 5362024)
8195,155573117,2,1,10.59,123.5154,-28.3239,0,TessLightCurve(TICID: 155573117)
11708,261399229,4,4,11.29,94.8018,-78.1475,0,TessLightCurve(TICID: 261399229)
19441,419237698,2,1,4.64,120.7673,-32.4635,0,TessLightCurve(TICID: 419237698)
17542,358806584,4,3,12.1,72.3004,-60.581,0,TessLightCurve(TICID: 358806584)
15959,340312324,3,4,12.86,114.7649,-59.7178,0,TessLightCurve(TICID: 340312324)
16663,349158553,4,1,7.84,108.4841,-63.0343,0,TessLightCurve(TICID: 349158553)
957,19489897,2,2,8.85,139.5936,-30.2848,0,TessLightCurve(TICID: 19489897)
17013,350332233,4,2,13.23,83.9769,-55.5713,0,TessLightCurve(TICID: 350332233)
19435,419031958,2,1,13.86,120.5231,-30.0799,0,TessLightCurve(TICID: 419031958)
15699,339635222,3,3,10.18,110.076,-56.3936,0,TessLightCurve(TICID: 339635222)
18889,404849302,4,4,8.79,85.108,-69.8584,0,TessLightCurve(TICID: 404849302)
12791,278729595,4,2,13.59,99.506,-59.4246,0,TessLightCurve(TICID: 278729595)
3284,51362994,1,1,5.75,128.8674,-7.9822,0,TessLightCurve(TICID: 51362994)
14443,300383677,4,1,11.03,111.2799,-69.6924,0,TessLightCurve(TICID: 300383677)
3799,55756813,4,3,10.79,74.9489,-65.1382,0,TessLightCurve(TICID: 55756813)
3751,55659311,4,3,9.78,74.1175,-64.4873,0,TessLightCurve(TICID: 55659311)
719,13627906,1,1,12.06,133.1297,-8.5909,0,TessLightCurve(TICID: 13627906)
16177,342345568,3,4,9.87,123.7599,-54.6244,0,TessLightCurve(TICID: 342345568)
10802,238005320,3,3,10.41,102.4623,-53.422,0,TessLightCurve(TICID: 238005320)
1889,30401301,4,4,10.67,74.6636,-71.6422,0,TessLightCurve(TICID: 30401301)
549,7847220,1,1,8.19,132.8999,-4.6668,0,TessLightCurve(TICID: 7847220)
12363,271642286,4,4,13.43,109.4014,-75.0598,0,TessLightCurve(TICID: 271642286)
15957,340257110,3,4,12.39,114.8171,-59.0989,0,TessLightCurve(TICID: 340257110)
17970,377060843,1,3,10.76,147.9907,6.4767,0,TessLightCurve(TICID: 377060843)
16487,348838355,1,2,5.09,148.3468,-17.926,0,TessLightCurve(TICID: 348838355)
7572,149902658,4,2,11.63,88.1974,-61.9355,0,TessLightCurve(TICID: 149902658)
5151,114743502,2,4,9.96,131.9022,-14.3237,0,TessLightCurve(TICID: 114743502)
2900,41029088,4,4,9.54,90.2295,-70.2754,0,TessLightCurve(TICID: 41029088)
8781,174318674,3,2,9.62,114.2571,-41.1524,0,TessLightCurve(TICID: 174318674)
13808,290651666,1,4,7.24,141.1055,4.7649,0,TessLightCurve(TICID: 290651666)
10891,238081051,3,3,9.93,104.8101,-52.0331,0,TessLightCurve(TICID: 238081051)
7095,146195283,3,1,9.12,133.416,-51.7171,0,TessLightCurve(TICID: 146195283)
3942,60023072,3,2,10.41,110.8686,-42.7969,0,TessLightCurve(TICID: 60023072)
8399,167344029,4,1,10.4,98.7599,-69.8642,0,TessLightCurve(TICID: 167344029)
8101,153524491,2,1,12.0,120.9426,-28.8318,0,TessLightCurve(TICID: 153524491)
15191,309616407,4,3,9.37,78.7094,-60.3359,0,TessLightCurve(TICID: 309616407)
8369,167306154,4,1,11.62,98.1873,-66.9475,0,TessLightCurve(TICID: 167306154)
1203,24970105,2,2,11.26,142.492,-29.9309,0,TessLightCurve(TICID: 24970105)
1940,30827424,3,1,16.73,134.7472,-42.9029,0,TessLightCurve(TICID: 30827424)
6266,141154638,4,4,13.96,80.9614,-76.976,0,TessLightCurve(TICID: 141154638)
5818,134184866,3,2,13.52,122.0399,-39.4837,0,TessLightCurve(TICID: 134184866)
2967,41464899,4,4,10.81,93.0855,-69.7178,0,TessLightCurve(TICID: 41464899)
171,1193554,2,4,9.19,136.0591,-14.9265,0,TessLightCurve(TICID: 1193554)
8448,167527011,4,2,13.82,100.7671,-60.1304,0,TessLightCurve(TICID: 167527011)
11106,255618166,3,3,10.28,97.6019,-51.2917,0,TessLightCurve(TICID: 255618166)
13760,290555544,1,4,6.39,139.9631,5.216,0,TessLightCurve(TICID: 290555544)
13398,284841859,3,2,9.71,116.2412,-44.3447,0,TessLightCurve(TICID: 284841859)
16819,349681567,4,1,10.21,112.7157,-60.9809,0,TessLightCurve(TICID: 349681567)
16646,349152387,4,1,11.22,108.079,-60.7992,0,TessLightCurve(TICID: 349152387)
10559,229864517,2,3,7.83,138.4467,-20.229,0,TessLightCurve(TICID: 229864517)
16268,344891734,1,3,12.0,151.1524,2.6927,0,TessLightCurve(TICID: 344891734)
8867,175253836,3,2,4.36,115.9257,-40.9347,0,TessLightCurve(TICID: 175253836)
10588,231083835,4,3,10.25,68.4115,-69.2284,0,TessLightCurve(TICID: 231083835)
13466,286040234,1,4,12.93,137.9401,0.5791,0,TessLightCurve(TICID: 286040234)
15023,308612237,3,4,11.24,121.6162,-61.4289,0,TessLightCurve(TICID: 308612237)
4681,81090603,3,2,9.41,122.7428,-44.2566,0,TessLightCurve(TICID: 81090603)
14136,294870403,4,3,6.68,71.6561,-68.5458,0,TessLightCurve(TICID: 294870403)
16072,340639933,3,4,11.0,116.6801,-57.4796,0,TessLightCurve(TICID: 340639933)
70,933907,2,4,9.1,130.2022,-16.0598,0,TessLightCurve(TICID: 933907)
1311,25153404,4,3,10.63,63.1266,-69.3085,0,TessLightCurve(TICID: 25153404)
19656,445324999,3,3,8.49,112.2039,-51.5168,0,TessLightCurve(TICID: 445324999)
9311,177349900,4,1,7.96,104.2659,-72.0372,0,TessLightCurve(TICID: 177349900)
15656,334511078,1,2,12.79,140.6952,-15.7913,0,TessLightCurve(TICID: 334511078)
7376,149391878,4,2,10.31,84.1376,-60.7584,0,TessLightCurve(TICID: 149391878)
18731,394701607,4,4,10.99,64.8383,-80.1209,0,TessLightCurve(TICID: 394701607)
10452,220425201,4,3,10.38,72.4509,-59.6542,0,TessLightCurve(TICID: 220425201)
8870,175255600,3,2,9.57,115.9627,-41.7547,0,TessLightCurve(TICID: 175255600)
8055,152320916,2,1,12.68,119.8532,-31.3172,0,TessLightCurve(TICID: 152320916)
4532,78132055,1,3,10.03,147.2747,-1.6951,0,TessLightCurve(TICID: 78132055)
7581,149930946,4,2,10.32,89.5795,-63.2598,0,TessLightCurve(TICID: 149930946)
5345,118909423,2,4,10.69,135.195,-21.5175,0,TessLightCurve(TICID: 118909423)
16278,344926261,1,3,9.32,151.5918,3.786,0,TessLightCurve(TICID: 344926261)
12631,277022505,4,4,11.14,83.765,-69.7506,0,TessLightCurve(TICID: 277022505)
5431,123145173,3,2,10.59,113.8726,-44.6825,0,TessLightCurve(TICID: 123145173)
13408,285021965,3,2,8.26,119.6284,-47.3921,0,TessLightCurve(TICID: 285021965)
12018,268641351,3,3,12.69,117.3736,-49.9193,0,TessLightCurve(TICID: 268641351)
11093,255588581,3,3,10.06,96.9464,-51.3998,0,TessLightCurve(TICID: 255588581)
15185,309613894,4,3,10.05,78.6956,-64.7004,0,TessLightCurve(TICID: 309613894)
12614,276863693,4,3,9.65,83.6799,-66.9023,0,TessLightCurve(TICID: 276863693)
17071,350434446,4,2,10.48,85.059,-55.2779,0,TessLightCurve(TICID: 350434446)
13814,290653404,1,4,10.2,141.2857,5.4696,0,TessLightCurve(TICID: 290653404)
4822,92835575,3,1,14.3,129.1538,-50.1811,0,TessLightCurve(TICID: 92835575)
12380,271698657,4,4,10.18,109.8162,-76.7998,0,TessLightCurve(TICID: 271698657)
13258,281575623,3,4,9.3,114.1981,-59.5935,0,TessLightCurve(TICID: 281575623)
13945,293935874,4,2,10.48,106.4894,-58.0018,0,TessLightCurve(TICID: 293935874)
5587,130097219,2,1,9.28,119.7468,-29.3079,0,TessLightCurve(TICID: 130097219)
13857,293224419,4,2,9.39,98.4163,-60.7129,0,TessLightCurve(TICID: 293224419)
19051,408308551,2,3,12.53,144.8403,-18.137,0,TessLightCurve(TICID: 408308551)
4237,70562091,2,3,9.81,139.2242,-26.4783,0,TessLightCurve(TICID: 70562091)
3898,56786058,2,1,14.24,127.3557,-32.1014,0,TessLightCurve(TICID: 56786058)
18871,401928964,3,1,12.11,136.273,-49.8404,0,TessLightCurve(TICID: 401928964)
10372,219211319,4,2,8.31,93.2218,-51.1642,0,TessLightCurve(TICID: 219211319)
17814,373250248,3,1,9.32,139.8292,-48.9965,0,TessLightCurve(TICID: 373250248)
13521,286248928,3,4,8.51,123.9735,-51.3211,0,TessLightCurve(TICID: 286248928)
16714,349311929,4,1,10.55,109.7592,-65.8629,0,TessLightCurve(TICID: 349311929)
8727,173674236,3,2,9.09,112.6423,-37.8863,0,TessLightCurve(TICID: 173674236)
1893,30407429,4,3,8.89,74.6093,-69.0735,0,TessLightCurve(TICID: 30407429)
4296,74535134,3,1,9.05,137.7083,-45.3085,0,TessLightCurve(TICID: 74535134)
5342,118908690,2,4,10.33,135.1202,-20.6611,0,TessLightCurve(TICID: 118908690)
12288,270708781,1,4,8.87,137.6515,1.787,0,TessLightCurve(TICID: 270708781)
15063,308668584,3,4,11.35,121.8571,-61.0907,0,TessLightCurve(TICID: 308668584)
3445,54778497,1,1,10.35,130.326,-7.8314,0,TessLightCurve(TICID: 54778497)
1308,25134442,4,3,10.83,62.3365,-67.1053,0,TessLightCurve(TICID: 25134442)
19321,413252895,2,3,8.13,144.1354,-22.4295,0,TessLightCurve(TICID: 413252895)
12824,278822664,4,2,11.37,100.0948,-57.8351,0,TessLightCurve(TICID: 278822664)
16403,347548491,2,4,9.95,133.7508,-14.2755,0,TessLightCurve(TICID: 347548491)
11860,262781908,1,4,11.2,141.4237,0.9991,0,TessLightCurve(TICID: 262781908)
5028,96174080,1,2,10.13,147.563,-10.7139,0,TessLightCurve(TICID: 96174080)
13475,286055732,1,4,9.91,138.0792,5.8314,0,TessLightCurve(TICID: 286055732)
18149,382245976,4,2,10.81,82.0879,-55.0105,0,TessLightCurve(TICID: 382245976)
5782,133424539,3,2,9.28,120.9649,-39.516,0,TessLightCurve(TICID: 133424539)
10186,191401283,2,2,14.49,135.2842,-38.0427,0,TessLightCurve(TICID: 191401283)
2950,41337525,4,1,10.39,92.4924,-67.3029,0,TessLightCurve(TICID: 41337525)
12548,275183297,1,4,9.6,143.996,5.0238,0,TessLightCurve(TICID: 275183297)
440,3777316,2,2,11.39,139.6748,-37.068,0,TessLightCurve(TICID: 3777316)
4409,76669161,3,1,15.37,140.7016,-46.7024,0,TessLightCurve(TICID: 76669161)
16360,347442175,1,1,9.13,133.1224,-11.9487,0,TessLightCurve(TICID: 347442175)
15569,332485531,2,4,10.56,136.3606,-15.8449,0,TessLightCurve(TICID: 332485531)
833,17843601,2,2,8.49,135.9229,-32.9119,0,TessLightCurve(TICID: 17843601)
4838,93387814,3,1,11.03,129.9008,-48.8806,0,TessLightCurve(TICID: 93387814)
15706,339636622,3,3,11.08,110.1657,-54.6984,0,TessLightCurve(TICID: 339636622)
13105,279430808,4,2,10.16,105.1121,-58.0457,0,TessLightCurve(TICID: 279430808)
7132,146614636,1,3,10.34,149.5581,-0.3641,0,TessLightCurve(TICID: 146614636)
6185,140943388,4,4,11.7,77.4132,-73.0561,0,TessLightCurve(TICID: 140943388)
6009,140529199,4,4,13.95,67.4287,-74.0887,0,TessLightCurve(TICID: 140529199)
16087,340702674,3,4,10.21,116.8318,-59.0523,0,TessLightCurve(TICID: 340702674)
15896,340174319,3,4,10.49,113.5853,-58.1346,0,TessLightCurve(TICID: 340174319)
7176,147287147,2,1,11.5,124.8751,-30.8242,0,TessLightCurve(TICID: 147287147)
13523,286255541,3,4,8.0,124.1529,-53.2139,0,TessLightCurve(TICID: 286255541)
3965,60377863,3,2,9.39,112.2293,-44.1397,0,TessLightCurve(TICID: 60377863)
6030,140580875,4,4,5.91,68.5643,-73.2085,0,TessLightCurve(TICID: 140580875)
12552,275185321,1,3,16.13,147.7589,1.0756,0,TessLightCurve(TICID: 275185321)
6410,141528280,4,4,9.81,87.6195,-75.0947,0,TessLightCurve(TICID: 141528280)
4427,77478128,1,4,9.62,141.6886,-2.2536,0,TessLightCurve(TICID: 77478128)
10374,219213742,4,2,6.8,93.424,-51.6677,0,TessLightCurve(TICID: 219213742)
17940,375088647,4,1,11.09,100.3313,-63.8427,0,TessLightCurve(TICID: 375088647)
8407,167364585,4,1,9.23,99.1955,-68.3967,0,TessLightCurve(TICID: 167364585)
376,2018876,2,4,11.93,133.2908,-24.5242,0,TessLightCurve(TICID: 2018876)
6572,141823882,4,4,9.29,93.0043,-74.514,0,TessLightCurve(TICID: 141823882)
3454,54842797,1,1,10.11,130.4672,-7.3411,0,TessLightCurve(TICID: 54842797)
2019,31280293,3,1,9.25,135.3938,-47.8332,0,TessLightCurve(TICID: 31280293)
9117,176955610,4,1,10.09,100.7595,-68.9055,0,TessLightCurve(TICID: 176955610)
10936,238159192,3,3,8.57,106.3762,-49.8708,0,TessLightCurve(TICID: 238159192)
15163,309151373,3,4,5.4,123.9359,-60.0572,0,TessLightCurve(TICID: 309151373)
17696,370040241,4,3,9.39,65.7833,-67.8813,0,TessLightCurve(TICID: 370040241)
17857,374857047,4,2,10.71,88.2955,-64.2285,0,TessLightCurve(TICID: 374857047)
1145,24537809,2,2,14.01,141.1675,-30.4387,0,TessLightCurve(TICID: 24537809)
14297,300034351,4,1,11.6,107.5294,-69.7651,0,TessLightCurve(TICID: 300034351)
19190,410242957,2,4,12.73,134.0711,-23.449,0,TessLightCurve(TICID: 410242957)
15969,340316343,3,4,10.61,115.1091,-55.9258,0,TessLightCurve(TICID: 340316343)
10071,189476579,2,3,9.86,143.066,-28.7029,0,TessLightCurve(TICID: 189476579)
1079,21953971,2,3,10.1,147.4429,-26.6207,0,TessLightCurve(TICID: 21953971)
19727,453034679,1,3,9.51,144.6592,0.3119,0,TessLightCurve(TICID: 453034679)
18210,382515629,4,1,8.15,117.3766,-62.0877,0,TessLightCurve(TICID: 382515629)
2762,38813997,4,3,9.6,67.6793,-60.3061,0,TessLightCurve(TICID: 38813997)
265,1408827,2,1,15.19,131.8033,-26.5022,0,TessLightCurve(TICID: 1408827)
12083,269858473,4,4,12.0,71.4233,-79.9177,0,TessLightCurve(TICID: 269858473)
10904,238091951,3,3,14.47,105.2108,-52.0157,0,TessLightCurve(TICID: 238091951)
6599,141910178,4,4,11.27,94.3017,-77.5576,0,TessLightCurve(TICID: 141910178)
17128,350559515,4,2,7.74,86.5961,-55.9368,0,TessLightCurve(TICID: 350559515)
17837,373779371,4,4,10.24,81.3888,-69.3722,0,TessLightCurve(TICID: 373779371)
13745,290514175,1,4,9.24,139.5332,2.7467,0,TessLightCurve(TICID: 290514175)
19889,461765698,3,1,13.73,138.6723,-50.5795,0,TessLightCurve(TICID: 461765698)
9082,176873469,4,4,10.29,101.1002,-72.6725,0,TessLightCurve(TICID: 176873469)
12251,270677163,4,2,12.8,87.6326,-53.629,0,TessLightCurve(TICID: 270677163)
1001,19975104,1,1,10.76,136.7323,-10.9504,0,TessLightCurve(TICID: 19975104)
13115,279477819,4,2,8.21,105.3097,-56.825,0,TessLightCurve(TICID: 279477819)
12834,278824614,4,2,9.83,100.3115,-58.3687,0,TessLightCurve(TICID: 278824614)
18955,405451015,1,2,4.63,143.2324,-13.5168,0,TessLightCurve(TICID: 405451015)
13457,286000384,1,2,10.13,139.7052,-15.629,0,TessLightCurve(TICID: 286000384)
7445,149540525,4,2,8.39,86.3013,-62.9169,0,TessLightCurve(TICID: 149540525)
12389,271726834,4,4,10.38,110.904,-76.6698,0,TessLightCurve(TICID: 271726834)
6794,142830508,1,1,10.3,138.9041,-5.6309,0,TessLightCurve(TICID: 142830508)
4034,60785171,1,1,12.64,139.1002,-9.1984,0,TessLightCurve(TICID: 60785171)
7931,150430837,4,2,9.25,97.2143,-60.5344,0,TessLightCurve(TICID: 150430837)
9165,177036769,4,1,9.85,102.5781,-66.9763,0,TessLightCurve(TICID: 177036769)
2213,33359513,1,2,13.24,150.4553,-10.6162,0,TessLightCurve(TICID: 33359513)
15227,309700460,4,3,10.76,79.4061,-64.8978,0,TessLightCurve(TICID: 309700460)
10404,220404668,4,3,11.25,69.7486,-59.5034,0,TessLightCurve(TICID: 220404668)
690,13480756,1,1,6.62,132.4188,-8.6384,0,TessLightCurve(TICID: 13480756)
15006,308543986,4,1,11.58,121.1686,-64.4978,0,TessLightCurve(TICID: 308543986)
8586,167811187,4,1,10.21,104.9301,-63.895,0,TessLightCurve(TICID: 167811187)
17518,358467192,3,4,11.09,119.1796,-60.9096,0,TessLightCurve(TICID: 358467192)
15647,332711701,1,2,10.35,150.501,-17.0616,0,TessLightCurve(TICID: 332711701)
5642,130644016,3,3,10.68,106.0766,-45.3742,0,TessLightCurve(TICID: 130644016)
4016,60730655,1,1,9.23,138.6572,-6.7941,0,TessLightCurve(TICID: 60730655)
19565,432082933,2,3,9.49,136.659,-22.3687,0,TessLightCurve(TICID: 432082933)
17995,380035747,3,3,9.44,109.9254,-50.7634,0,TessLightCurve(TICID: 380035747)
17942,375089653,4,2,9.39,100.1783,-62.057,0,TessLightCurve(TICID: 375089653)
1504,25712530,2,2,11.35,145.2437,-32.4002,0,TessLightCurve(TICID: 25712530)
1082,22014428,2,3,13.75,147.6484,-25.6773,0,TessLightCurve(TICID: 22014428)
19926,471012741,1,1,9.51,133.5237,-13.1282,0,TessLightCurve(TICID: 347508671)
16390,347510254,2,4,12.07,133.5231,-14.6654,0,TessLightCurve(TICID: 347510254)
14886,308306928,3,4,12.71,120.2442,-60.3354,0,TessLightCurve(TICID: 308306928)
1492,25671745,2,2,7.7,145.0084,-30.4997,0,TessLightCurve(TICID: 25671745)
6061,140609384,4,4,9.87,71.3679,-74.2803,0,TessLightCurve(TICID: 140609384)
7069,145868335,2,1,4.9,123.1558,-35.1465,0,TessLightCurve(TICID: 145868335)
8207,155807948,2,1,8.05,123.7715,-29.2417,0,TessLightCurve(TICID: 155807948)
2827,38909532,4,3,11.04,69.723,-62.7604,0,TessLightCurve(TICID: 38909532)
11616,260981689,4,4,8.26,75.227,-81.3789,0,TessLightCurve(TICID: 260981689)
10697,237927462,4,3,9.96,58.0116,-64.7946,0,TessLightCurve(TICID: 237927462)
254,1403170,1,2,10.99,140.3345,-14.4547,0,TessLightCurve(TICID: 1403170)
14051,294232020,2,4,9.57,132.8424,-20.2927,0,TessLightCurve(TICID: 294232020)
110,1036998,2,4,9.9,130.3707,-13.4858,0,TessLightCurve(TICID: 1036998)
14411,300324587,4,1,8.42,110.5624,-66.3009,0,TessLightCurve(TICID: 300324587)
14145,294873470,4,3,10.83,71.9195,-66.1326,0,TessLightCurve(TICID: 294873470)
19367,415533543,2,4,10.56,131.4203,-18.1603,0,TessLightCurve(TICID: 415533543)
11197,255784888,3,3,9.13,99.8684,-53.1686,0,TessLightCurve(TICID: 255784888)
1749,29761402,4,3,10.78,64.5929,-69.4938,0,TessLightCurve(TICID: 29761402)
14733,306773646,4,1,10.23,121.1328,-66.9739,0,TessLightCurve(TICID: 306773646)
12486,272188971,4,1,10.42,116.5158,-72.5654,0,TessLightCurve(TICID: 272188971)
3916,59534248,3,3,8.23,109.1714,-46.3548,0,TessLightCurve(TICID: 59534248)
2298,33839863,4,4,12.23,64.7147,-72.7511,0,TessLightCurve(TICID: 33839863)
9904,186979808,2,2,8.91,134.201,-30.1838,0,TessLightCurve(TICID: 186979808)
7881,150360551,4,2,10.18,96.4116,-62.0737,0,TessLightCurve(TICID: 150360551)
16613,349057812,4,1,9.67,107.2801,-64.4665,0,TessLightCurve(TICID: 349057812)
8732,173677723,3,2,8.85,112.6586,-39.873,0,TessLightCurve(TICID: 173677723)
3845,56153015,2,1,14.61,126.7289,-32.7201,0,TessLightCurve(TICID: 56153015)
8974,176445751,2,4,11.34,131.8872,-18.963,0,TessLightCurve(TICID: 176445751)
15150,309062208,3,4,13.14,123.1894,-61.2306,0,TessLightCurve(TICID: 309062208)
16923,350027153,4,1,11.11,114.9327,-64.7616,0,TessLightCurve(TICID: 350027153)
10819,238017946,3,3,12.04,102.983,-53.4009,0,TessLightCurve(TICID: 238017946)
11288,260079188,4,2,9.53,92.1201,-54.5809,0,TessLightCurve(TICID: 260079188)
5374,119075594,2,3,10.64,136.0577,-23.4866,0,TessLightCurve(TICID: 119075594)
18050,381974611,4,3,11.07,77.1652,-59.2708,0,TessLightCurve(TICID: 381974611)
7963,150467051,3,2,9.07,117.6,-34.6149,0,TessLightCurve(TICID: 150467051)
15162,309150857,3,4,13.61,123.6879,-60.1233,0,TessLightCurve(TICID: 309150857)
17023,350335941,4,2,11.27,84.2686,-58.1404,0,TessLightCurve(TICID: 350335941)
9903,186978886,2,2,14.81,134.1649,-30.2521,0,TessLightCurve(TICID: 186978886)
2224,33714406,4,4,11.26,60.3678,-73.6966,0,TessLightCurve(TICID: 33714406)
15320,312023873,1,4,9.22,139.4488,8.8566,0,TessLightCurve(TICID: 312023873)
8412,167366577,4,1,10.05,99.3661,-66.4948,0,TessLightCurve(TICID: 167366577)
13112,279476396,4,2,5.72,105.2708,-58.9391,0,TessLightCurve(TICID: 279476396)
2102,32090208,4,3,10.81,58.4624,-69.9267,0,TessLightCurve(TICID: 32090208)
11911,265280498,1,4,10.44,133.07,3.8453,0,TessLightCurve(TICID: 265280498)
18753,396794267,1,2,13.05,147.525,-14.9786,0,TessLightCurve(TICID: 396794267)
15186,309614824,4,3,9.29,78.6034,-63.6114,0,TessLightCurve(TICID: 309614824)
19598,432160276,2,3,6.52,137.5956,-23.1767,0,TessLightCurve(TICID: 432160276)
16444,348755332,1,1,10.58,134.1125,-13.6157,0,TessLightCurve(TICID: 348755332)
3082,46904090,1,2,13.89,142.9421,-9.2411,0,TessLightCurve(TICID: 46904090)
6403,141494666,3,1,14.15,129.7499,-46.7912,0,TessLightCurve(TICID: 141494666)
11099,255594852,4,2,9.59,97.1926,-53.308,0,TessLightCurve(TICID: 255594852)
19632,434454469,2,3,9.87,139.7449,-23.0509,0,TessLightCurve(TICID: 434454469)
3286,51364462,1,1,9.79,128.9462,-5.8945,0,TessLightCurve(TICID: 51364462)
18754,396795019,1,2,8.11,147.4897,-12.799,0,TessLightCurve(TICID: 396795019)
1787,29829638,4,3,11.65,66.2062,-68.3694,0,TessLightCurve(TICID: 29829638)
5537,126787197,3,1,10.31,136.9016,-48.1915,0,TessLightCurve(TICID: 126787197)
1374,25280998,2,2,11.62,143.781,-30.823,0,TessLightCurve(TICID: 25280998)
8157,154831139,2,1,15.54,122.4417,-27.5668,0,TessLightCurve(TICID: 154831139)
8894,175319940,1,3,9.72,152.3347,-4.1795,0,TessLightCurve(TICID: 175319940)
5742,132453193,3,2,7.94,119.7796,-41.5852,0,TessLightCurve(TICID: 132453193)
3939,59897771,3,2,10.11,110.5603,-42.9746,0,TessLightCurve(TICID: 59897771)
8093,153354287,2,1,13.29,120.7228,-27.9192,0,TessLightCurve(TICID: 153354287)
8990,176605174,2,4,9.6,132.4327,-18.1417,0,TessLightCurve(TICID: 176605174)
8933,175606752,3,2,9.69,116.7332,-38.3559,0,TessLightCurve(TICID: 175606752)
11580,260843628,3,4,9.95,118.9091,-59.1562,0,TessLightCurve(TICID: 260843628)
10883,238076730,3,3,10.64,104.7499,-50.6755,0,TessLightCurve(TICID: 238076730)
7397,149456070,3,2,9.34,116.0541,-32.9517,0,TessLightCurve(TICID: 149456070)
11888,264930585,3,4,9.41,117.9156,-57.8678,0,TessLightCurve(TICID: 264930585)
2119,32151066,4,3,12.05,59.1266,-67.2267,0,TessLightCurve(TICID: 32151066)
4816,92665164,3,1,8.21,128.9023,-48.5482,0,TessLightCurve(TICID: 92665164)
6641,141980517,4,4,7.18,96.4178,-72.0431,0,TessLightCurve(TICID: 141980517)
19902,469010543,1,4,7.18,144.5939,7.7089,0,TessLightCurve(TICID: 469010543)
9151,177022242,4,1,10.73,102.2733,-67.6987,0,TessLightCurve(TICID: 177022242)
13580,289332466,2,4,8.8,130.8613,-15.6146,0,TessLightCurve(TICID: 289332466)
14432,300379433,4,1,10.06,110.9891,-67.6009,0,TessLightCurve(TICID: 300379433)
19831,455277782,1,3,12.56,146.7847,3.048,0,TessLightCurve(TICID: 455277782)
2534,38510324,4,3,6.62,62.531,-61.5994,0,TessLightCurve(TICID: 38510324)
9371,178833913,1,3,8.86,150.648,-4.8126,0,TessLightCurve(TICID: 178833913)
5184,114824306,2,4,6.74,132.3142,-15.5649,0,TessLightCurve(TICID: 114824306)
18152,382256404,4,2,10.57,82.5056,-59.7377,0,TessLightCurve(TICID: 382256404)
14610,300932479,4,1,10.63,117.6595,-69.8601,0,TessLightCurve(TICID: 300932479)
188,1228450,2,4,7.39,137.2737,-16.7588,0,TessLightCurve(TICID: 1228450)
9641,182217829,3,2,8.6,123.2234,-37.1658,0,TessLightCurve(TICID: 182217829)
18685,393346571,3,1,9.4,130.7581,-45.0422,0,TessLightCurve(TICID: 393346571)
768,13881265,1,1,11.73,134.4101,-9.5936,0,TessLightCurve(TICID: 13881265)
4789,90201575,3,1,8.2,127.8653,-50.1835,0,TessLightCurve(TICID: 90201575)
8902,175368123,1,1,8.16,135.3826,-7.1011,0,TessLightCurve(TICID: 175368123)
13120,279481178,3,3,11.15,105.4853,-55.5561,0,TessLightCurve(TICID: 279481178)
15658,334511285,1,2,10.39,140.7232,-15.3684,0,TessLightCurve(TICID: 334511285)
7356,149347534,4,2,8.2,83.4977,-59.9505,0,TessLightCurve(TICID: 149347534)
13143,279517191,3,3,11.31,105.9238,-56.3672,0,TessLightCurve(TICID: 279517191)
6595,141909098,4,4,11.34,94.3331,-75.1807,0,TessLightCurve(TICID: 141909098)
6142,140828063,4,4,11.14,75.4536,-75.5089,0,TessLightCurve(TICID: 140828063)
6076,140636156,4,4,11.04,72.2711,-77.0188,0,TessLightCurve(TICID: 140636156)
12004,267977420,3,3,8.82,115.5746,-51.3328,0,TessLightCurve(TICID: 267977420)
11250,260003879,4,2,9.91,91.1751,-56.3572,0,TessLightCurve(TICID: 260003879)
11101,255614399,3,3,5.19,97.4537,-50.2394,0,TessLightCurve(TICID: 255614399)
3466,54871413,1,1,9.71,130.6528,-6.7403,0,TessLightCurve(TICID: 54871413)
11129,255639052,4,2,13.09,98.186,-53.6889,0,TessLightCurve(TICID: 255639052)
18394,386456080,2,4,10.96,128.1535,-11.9672,0,TessLightCurve(TICID: 386456080)
16869,349890276,3,3,8.1,108.944,-53.602,0,TessLightCurve(TICID: 349890276)
17219,350709413,4,2,8.56,88.1187,-56.2008,0,TessLightCurve(TICID: 350709413)
9256,177253935,4,4,11.36,101.7445,-73.672,0,TessLightCurve(TICID: 177253935)
14264,299942685,4,1,9.36,106.5045,-67.1184,0,TessLightCurve(TICID: 299942685)
13190,279957399,4,4,10.62,82.167,-69.0298,0,TessLightCurve(TICID: 279957399)
14839,307438562,4,1,13.09,126.0082,-67.3632,0,TessLightCurve(TICID: 307438562)
950,19442879,2,2,14.35,139.4131,-32.5822,0,TessLightCurve(TICID: 19442879)
16152,341729898,3,4,8.34,121.3045,-59.2447,0,TessLightCurve(TICID: 341729898)
5425,123036723,3,3,8.79,113.5286,-46.6438,0,TessLightCurve(TICID: 123036723)
1107,22769856,3,2,15.51,108.7565,-40.9367,0,TessLightCurve(TICID: 22769856)
11576,260709705,4,2,11.7,98.49,-56.2673,0,TessLightCurve(TICID: 260709705)
4942,95930118,1,1,10.42,136.4583,-10.2255,0,TessLightCurve(TICID: 95930118)
17636,364421780,4,1,9.37,119.7373,-63.6279,0,TessLightCurve(TICID: 364421780)
18125,382189542,4,2,10.13,81.3314,-56.7126,0,TessLightCurve(TICID: 382189542)
762,13834029,1,1,8.84,134.3191,-9.4639,0,TessLightCurve(TICID: 13834029)
2483,38461594,4,3,9.29,61.0893,-65.2538,0,TessLightCurve(TICID: 38461594)
7553,149843740,1,4,10.56,135.3369,-1.2223,0,TessLightCurve(TICID: 149843740)
8476,167570893,4,1,11.11,101.3354,-64.0791,0,TessLightCurve(TICID: 167570893)
11854,262747581,1,4,10.78,141.1303,0.472,0,TessLightCurve(TICID: 262747581)
14271,299945072,4,1,9.76,106.5501,-71.0491,0,TessLightCurve(TICID: 299945072)
13463,286039841,1,4,8.29,137.9589,1.6986,0,TessLightCurve(TICID: 286039841)
4465,77560503,1,3,12.21,152.7605,-5.515,0,TessLightCurve(TICID: 77560503)
5118,101412775,2,3,13.56,148.8073,-19.2037,0,TessLightCurve(TICID: 101412775)
5464,123332514,3,3,8.38,114.6779,-47.554,0,TessLightCurve(TICID: 123332514)
389,2137185,2,2,14.32,133.6298,-28.9981,0,TessLightCurve(TICID: 2137185)
12744,277812010,1,3,12.38,156.1502,0.8086,0,TessLightCurve(TICID: 277812010)
17239,350717229,4,2,10.82,88.4718,-54.0219,0,TessLightCurve(TICID: 350717229)
10899,238087238,3,3,10.88,105.0947,-50.0939,0,TessLightCurve(TICID: 238087238)
18583,391629463,3,1,14.66,138.9051,-48.3729,0,TessLightCurve(TICID: 391629463)
5796,133762024,3,2,6.75,121.3132,-39.0535,0,TessLightCurve(TICID: 133762024)
13347,284194255,4,1,7.21,105.7982,-66.8887,0,TessLightCurve(TICID: 284194255)
9992,189271286,2,3,6.75,141.6869,-28.7878,0,TessLightCurve(TICID: 189271286)
16370,347446067,2,4,13.11,133.2088,-17.4481,0,TessLightCurve(TICID: 347446067)
18795,398216471,2,3,7.91,139.7024,-24.4577,0,TessLightCurve(TICID: 398216471)
3968,60419777,3,2,8.23,112.3699,-44.0559,0,TessLightCurve(TICID: 60419777)
14292,300033290,4,1,10.79,107.4268,-71.6332,0,TessLightCurve(TICID: 300033290)
8888,175306725,3,2,10.5,116.1748,-37.3333,0,TessLightCurve(TICID: 175306725)
1031,20090306,1,1,10.02,137.489,-8.7682,0,TessLightCurve(TICID: 20090306)
7361,149347948,4,2,10.2,83.8019,-61.0569,0,TessLightCurve(TICID: 149347948)
3669,55524055,4,3,11.71,72.0536,-63.6954,0,TessLightCurve(TICID: 55524055)
11174,255755979,3,3,9.04,99.5258,-48.1199,0,TessLightCurve(TICID: 255755979)
16599,348995746,4,1,10.22,107.0918,-63.3752,0,TessLightCurve(TICID: 348995746)
19972,471014025,1,4,17.29,138.7116,3.2474,0,TessLightCurve(TICID: 471014025)
17690,370038958,4,4,10.93,65.735,-71.0156,0,TessLightCurve(TICID: 370038958)
19479,423273925,2,3,8.35,140.5458,-21.5372,0,TessLightCurve(TICID: 423273925)
5206,114926528,2,4,12.71,132.5781,-15.7852,0,TessLightCurve(TICID: 114926528)
14763,306894056,4,1,11.32,121.9414,-70.186,0,TessLightCurve(TICID: 306894056)
16800,349645139,4,1,10.23,112.2099,-61.4792,0,TessLightCurve(TICID: 349645139)
12600,275358283,1,3,9.5,150.0397,2.3967,0,TessLightCurve(TICID: 275358283)
9970,189161762,2,3,8.08,141.1266,-25.4155,0,TessLightCurve(TICID: 189161762)
3614,55452577,4,3,9.57,70.6855,-65.0722,0,TessLightCurve(TICID: 55452577)
9730,184100029,2,1,11.55,126.7322,-36.1005,0,TessLightCurve(TICID: 184100029)
9921,187058198,2,2,14.84,134.5355,-32.0297,0,TessLightCurve(TICID: 187058198)
1873,30312711,4,3,13.06,74.2536,-66.407,0,TessLightCurve(TICID: 30312711)
13062,279321185,3,3,5.57,104.2755,-55.0475,0,TessLightCurve(TICID: 279321185)
18434,386536243,1,2,10.04,144.705,-17.458,0,TessLightCurve(TICID: 386536243)
4375,76082421,3,1,9.55,139.8647,-42.6504,0,TessLightCurve(TICID: 76082421)
4850,93554174,3,4,11.87,130.2821,-53.2358,0,TessLightCurve(TICID: 93554174)
2848,38943958,4,3,10.39,70.2976,-62.8515,0,TessLightCurve(TICID: 38943958)
17495,358464827,3,4,11.83,118.9324,-60.6311,0,TessLightCurve(TICID: 358464827)
5901,139371265,4,4,9.73,67.2902,-70.7757,0,TessLightCurve(TICID: 139371265)
18190,382436277,4,1,8.11,117.1427,-64.8224,0,TessLightCurve(TICID: 382436277)
7762,150187908,4,2,9.31,93.7672,-62.2961,0,TessLightCurve(TICID: 150187908)
1605,26108733,1,3,9.1,151.5417,-6.4586,0,TessLightCurve(TICID: 26108733)
8982,176552083,2,4,10.88,132.0558,-18.9181,0,TessLightCurve(TICID: 176552083)
1194,24918650,2,2,5.54,142.582,-33.4039,0,TessLightCurve(TICID: 24918650)
13676,289671079,1,2,10.08,146.1152,-17.0564,0,TessLightCurve(TICID: 289671079)
7994,150964715,2,1,14.09,118.2284,-30.8744,0,TessLightCurve(TICID: 150964715)
19426,418893290,2,1,13.07,120.4519,-31.5809,0,TessLightCurve(TICID: 418893290)
9824,186213036,2,2,14.87,131.8464,-33.3427,0,TessLightCurve(TICID: 186213036)
11638,261088377,4,4,8.12,81.4549,-79.7625,0,TessLightCurve(TICID: 261088377)
4624,79703670,3,2,8.11,120.544,-44.3862,0,TessLightCurve(TICID: 79703670)
5671,131104893,3,2,7.08,117.4676,-40.9144,0,TessLightCurve(TICID: 131104893)
17529,358508351,4,1,9.42,119.1199,-61.9448,0,TessLightCurve(TICID: 358508351)
1468,25610788,2,2,13.31,144.9448,-31.8424,0,TessLightCurve(TICID: 25610788)
2318,33864966,4,4,10.23,65.5366,-72.3505,0,TessLightCurve(TICID: 33864966)
17969,377018326,4,4,9.11,78.2483,-81.4116,0,TessLightCurve(TICID: 377018326)
17764,372848247,4,3,12.23,67.7262,-57.9688,0,TessLightCurve(TICID: 372848247)
3017,46029665,3,4,11.0,131.8281,-57.2985,0,TessLightCurve(TICID: 46029665)
15243,309755084,4,3,11.18,79.6813,-60.5401,0,TessLightCurve(TICID: 309755084)
14773,306927574,4,1,13.44,122.7996,-66.9443,0,TessLightCurve(TICID: 306927574)
6071,140634257,4,4,11.51,71.7348,-74.2004,0,TessLightCurve(TICID: 140634257)
2786,38841851,4,3,10.47,68.3906,-64.0349,0,TessLightCurve(TICID: 38841851)
2144,33172689,1,2,9.2,148.7034,-7.9485,0,TessLightCurve(TICID: 33172689)
3732,55650682,4,3,11.62,73.7834,-62.311,0,TessLightCurve(TICID: 55650682)
16336,345074219,1,3,8.6,155.203,2.3509,0,TessLightCurve(TICID: 345074219)
19871,455305421,1,3,5.8,147.6245,4.3433,0,TessLightCurve(TICID: 455305421)
18404,386461608,2,3,8.5,143.9676,-17.5803,0,TessLightCurve(TICID: 386461608)
16730,349375972,4,1,8.68,110.218,-63.7547,0,TessLightCurve(TICID: 349375972)
16143,341487695,3,4,7.84,120.1949,-59.6584,0,TessLightCurve(TICID: 341487695)
9136,176981833,4,1,10.29,101.3433,-69.1488,0,TessLightCurve(TICID: 176981833)
7038,145461778,2,1,8.02,122.6826,-30.1483,0,TessLightCurve(TICID: 145461778)
1680,28560521,3,1,13.01,131.5743,-46.5248,0,TessLightCurve(TICID: 28560521)
17039,350343922,4,2,8.6,84.4174,-58.7862,0,TessLightCurve(TICID: 350343922)
1640,26172652,1,3,8.95,152.4896,-6.6213,0,TessLightCurve(TICID: 26172652)
9894,186888084,2,2,14.93,134.0405,-30.1301,0,TessLightCurve(TICID: 186888084)
14872,307933380,2,3,9.35,138.661,-17.5488,0,TessLightCurve(TICID: 307933380)
17525,358467481,3,4,13.59,119.2563,-61.1035,0,TessLightCurve(TICID: 358467481)
19187,410209195,2,4,8.14,133.8468,-21.7455,0,TessLightCurve(TICID: 410209195)
13007,279161271,4,2,11.76,103.237,-57.1004,0,TessLightCurve(TICID: 279161271)
2838,38941604,4,3,10.28,69.8926,-63.8839,0,TessLightCurve(TICID: 38941604)
8539,167720952,4,1,10.86,103.4089,-64.115,0,TessLightCurve(TICID: 167720952)
14814,307210313,4,1,11.1,124.3033,-67.8359,0,TessLightCurve(TICID: 307210313)
15835,340005198,3,4,11.25,112.7498,-56.8775,0,TessLightCurve(TICID: 340005198)
903,18881489,2,2,14.02,138.016,-31.5912,0,TessLightCurve(TICID: 18881489)
12031,269400399,3,3,8.36,119.1346,-49.1815,0,TessLightCurve(TICID: 269400399)
16664,349190908,4,1,6.71,108.5925,-61.0697,0,TessLightCurve(TICID: 349190908)
7418,149497700,4,2,13.54,85.3516,-60.3515,0,TessLightCurve(TICID: 149497700)
7324,149261438,3,2,7.08,115.7625,-33.3122,0,TessLightCurve(TICID: 149261438)
14272,299945285,4,1,9.98,106.6649,-71.4468,1,TessLightCurve(TICID: 299945285)
16128,341328857,3,4,14.5,119.3448,-58.4793,0,TessLightCurve(TICID: 341328857)
4897,95750808,1,1,13.32,135.5089,-11.4093,0,TessLightCurve(TICID: 95750808)
13406,284942547,3,2,9.88,119.6423,-46.1167,0,TessLightCurve(TICID: 284942547)
14084,294392813,3,3,10.58,109.0286,-55.5325,0,TessLightCurve(TICID: 294392813)
4503,77627543,1,3,10.77,153.474,-3.319,0,TessLightCurve(TICID: 77627543)
13422,285221883,2,1,11.8,129.2068,-28.5764,0,TessLightCurve(TICID: 285221883)
9743,184512118,3,1,8.11,127.4046,-41.5248,0,TessLightCurve(TICID: 184512118)
9729,184070341,3,2,8.68,126.6415,-39.273,0,TessLightCurve(TICID: 184070341)
6914,143848624,3,2,9.14,119.0147,-42.8604,0,TessLightCurve(TICID: 143848624)
14849,307641922,4,1,9.84,127.4916,-67.0188,0,TessLightCurve(TICID: 307641922)
4388,76334323,3,1,13.2,140.1809,-42.9142,0,TessLightCurve(TICID: 76334323)
5698,131645052,3,2,9.49,118.3541,-40.2666,0,TessLightCurve(TICID: 131645052)
4042,60787465,1,1,10.29,139.1323,-8.0093,0,TessLightCurve(TICID: 60787465)
11929,265341709,1,4,10.25,133.6172,3.1884,0,TessLightCurve(TICID: 265341709)
10647,231613873,2,1,12.49,128.1477,-27.1212,0,TessLightCurve(TICID: 231613873)
17388,355464543,3,4,11.57,131.3609,-60.6866,0,TessLightCurve(TICID: 355464543)
1997,31153716,3,1,8.0,135.2263,-45.6317,0,TessLightCurve(TICID: 31153716)
7512,149739944,1,1,10.73,130.2188,-2.2599,0,TessLightCurve(TICID: 149739944)
458,4422468,2,2,6.34,140.9364,-37.7568,0,TessLightCurve(TICID: 4422468)
1901,30471003,4,3,10.9,74.8821,-66.5613,0,TessLightCurve(TICID: 30471003)
11071,255560019,4,2,13.91,96.0307,-53.6874,0,TessLightCurve(TICID: 255560019)
994,19909684,2,2,13.26,140.7593,-30.9104,0,TessLightCurve(TICID: 19909684)
12491,272234061,4,1,10.38,117.6474,-74.1028,0,TessLightCurve(TICID: 272234061)
10391,220398169,4,3,12.39,68.9622,-58.8822,0,TessLightCurve(TICID: 220398169)
1532,25780467,2,2,12.52,145.4134,-32.3318,0,TessLightCurve(TICID: 25780467)
12921,278991073,4,2,10.05,101.9967,-57.9491,0,TessLightCurve(TICID: 278991073)
2956,41362000,4,4,11.81,92.8992,-71.9411,0,TessLightCurve(TICID: 41362000)
8237,156262228,2,1,7.84,124.4774,-25.3612,0,TessLightCurve(TICID: 156262228)
3160,47121229,1,2,14.18,144.6034,-8.2649,0,TessLightCurve(TICID: 47121229)
5135,113930954,3,2,8.85,113.8063,-34.654,0,TessLightCurve(TICID: 113930954)
11834,262722244,1,4,9.76,138.3317,5.6644,0,TessLightCurve(TICID: 262722244)
14160,294981566,4,3,10.1,72.3326,-67.3687,1,TessLightCurve(TICID: 294981566)
12365,271642710,4,4,10.47,109.1924,-75.8621,0,TessLightCurve(TICID: 271642710)
7693,150101501,4,2,9.49,92.0443,-63.3077,0,TessLightCurve(TICID: 150101501)
16104,341041890,3,4,9.22,118.2712,-59.4145,0,TessLightCurve(TICID: 341041890)
5369,119058688,2,4,8.21,135.9477,-19.8256,0,TessLightCurve(TICID: 119058688)
11997,267606709,3,3,13.34,114.5093,-49.2613,0,TessLightCurve(TICID: 267606709)
6617,141943723,4,4,10.34,95.3001,-75.5995,0,TessLightCurve(TICID: 141943723)
4418,76906766,3,1,8.93,140.8924,-46.1966,0,TessLightCurve(TICID: 76906766)
582,11300951,2,1,8.37,122.7303,-22.8895,0,TessLightCurve(TICID: 11300951)
5746,132632233,3,2,8.78,119.7972,-37.9786,0,TessLightCurve(TICID: 132632233)
18820,400525177,3,1,11.66,134.1427,-50.2587,0,TessLightCurve(TICID: 400525177)
18967,405464399,1,4,9.12,141.7553,7.1771,0,TessLightCurve(TICID: 405464399)
9416,178883159,1,3,9.44,151.6486,-2.3617,0,TessLightCurve(TICID: 178883159)
3237,47334002,1,1,7.37,135.2588,-9.2197,0,TessLightCurve(TICID: 47334002)
9760,184987861,3,1,8.93,128.1903,-39.584,0,TessLightCurve(TICID: 184987861)
14090,294394054,3,3,7.69,109.0663,-54.2261,0,TessLightCurve(TICID: 294394054)
14580,300810012,4,1,9.58,116.6805,-68.9158,0,TessLightCurve(TICID: 300810012)
17806,372913945,3,4,10.1,119.3174,-60.4271,0,TessLightCurve(TICID: 372913945)
13294,281637191,3,4,11.7,116.898,-60.2743,0,TessLightCurve(TICID: 281637191)
11640,261088410,4,4,9.57,81.8405,-79.8391,0,TessLightCurve(TICID: 261088410)
17438,358113316,4,4,10.67,70.0316,-77.0941,0,TessLightCurve(TICID: 358113316)
3134,47005451,1,2,10.7,143.9333,-11.0875,0,TessLightCurve(TICID: 47005451)
12910,278988418,4,2,10.56,101.8252,-57.1638,0,TessLightCurve(TICID: 278988418)
17644,364424408,4,4,9.92,69.7568,-75.1028,0,TessLightCurve(TICID: 364424408)
18328,383188391,1,4,9.51,142.4861,4.8996,0,TessLightCurve(TICID: 383188391)
15414,319257760,4,3,9.71,60.0756,-65.1359,0,TessLightCurve(TICID: 319257760)
1697,28952426,3,1,8.04,132.5305,-45.3248,0,TessLightCurve(TICID: 28952426)
483,5234091,2,2,8.18,142.5656,-39.905,0,TessLightCurve(TICID: 5234091)
18109,382159806,4,2,9.96,81.0745,-57.197,0,TessLightCurve(TICID: 382159806)
17677,364592454,4,4,7.82,86.1922,-72.663,0,TessLightCurve(TICID: 364592454)
17069,350434130,4,2,9.93,85.0447,-55.9924,0,TessLightCurve(TICID: 350434130)
10500,220461599,4,3,9.36,74.9167,-58.2377,0,TessLightCurve(TICID: 220461599)
436,3582508,2,2,13.65,139.5935,-36.1019,0,TessLightCurve(TICID: 3582508)
9042,176774362,2,3,10.77,142.6107,-21.7559,0,TessLightCurve(TICID: 176774362)
11399,260301896,4,2,5.5,94.5927,-54.404,0,TessLightCurve(TICID: 260301896)
15282,310307789,4,1,9.02,127.8606,-65.7019,0,TessLightCurve(TICID: 310307789)
5525,126430122,3,1,11.76,136.6591,-52.3559,0,TessLightCurve(TICID: 126430122)
9769,185170357,3,1,9.91,128.496,-40.7656,0,TessLightCurve(TICID: 185170357)
17050,350346371,4,2,5.79,84.6071,-54.9542,0,TessLightCurve(TICID: 350346371)
17198,350652801,4,2,10.58,87.832,-55.8578,0,TessLightCurve(TICID: 350652801)
9212,177163233,4,1,12.99,104.4693,-70.9603,0,TessLightCurve(TICID: 177163233)
11162,255743804,3,3,9.6,99.1714,-50.4248,0,TessLightCurve(TICID: 255743804)
18512,389174727,1,4,11.96,145.6155,7.2519,0,TessLightCurve(TICID: 389174727)
14781,306933992,4,1,8.35,122.8078,-69.2608,0,TessLightCurve(TICID: 306933992)
3712,55604793,4,3,10.02,73.523,-61.3202,0,TessLightCurve(TICID: 55604793)
17439,358153877,4,4,13.86,69.8904,-77.6462,0,TessLightCurve(TICID: 358153877)
918,19015988,2,2,13.47,138.4251,-30.4831,0,TessLightCurve(TICID: 19015988)
1163,24729857,2,2,8.15,141.8177,-34.1283,0,TessLightCurve(TICID: 24729857)
18359,384028638,3,4,13.53,135.6058,-57.7341,0,TessLightCurve(TICID: 384028638)
19527,425086349,4,3,9.06,82.9997,-66.3552,0,TessLightCurve(TICID: 425086349)
1924,30642087,4,3,8.59,75.3325,-67.4471,0,TessLightCurve(TICID: 30642087)
7047,145579194,2,1,13.32,122.8107,-32.7361,0,TessLightCurve(TICID: 145579194)
8741,173756330,3,2,8.81,112.8755,-36.8908,0,TessLightCurve(TICID: 173756330)
6519,141756071,4,4,10.0,91.4723,-75.1745,0,TessLightCurve(TICID: 141756071)
18403,386461482,2,3,12.06,143.9581,-17.8282,0,TessLightCurve(TICID: 386461482)
11350,260241701,4,2,13.03,93.5057,-55.3479,0,TessLightCurve(TICID: 260241701)
10488,220457103,4,3,9.61,74.3083,-58.9676,0,TessLightCurve(TICID: 220457103)
16837,349767833,4,1,9.43,112.8478,-60.0272,0,TessLightCurve(TICID: 349767833)
13138,279514430,3,3,9.74,105.7605,-55.1275,0,TessLightCurve(TICID: 279514430)
18796,398217154,2,3,9.17,139.8531,-24.2563,0,TessLightCurve(TICID: 398217154)
10909,238094180,3,3,9.97,105.1812,-49.6114,0,TessLightCurve(TICID: 238094180)
14360,300160400,4,1,10.91,109.236,-71.6153,0,TessLightCurve(TICID: 300160400)
12348,271596290,4,4,10.2,108.5087,-74.7111,0,TessLightCurve(TICID: 271596290)
19473,422208233,1,2,9.97,151.465,-14.334,0,TessLightCurve(TICID: 422208233)
2211,33358532,1,2,9.46,150.5447,-7.7681,0,TessLightCurve(TICID: 33358532)
6420,141543540,4,4,11.66,87.8462,-75.9096,0,TessLightCurve(TICID: 141543540)
18317,383185930,1,4,10.64,142.233,2.3626,0,TessLightCurve(TICID: 383185930)
7511,149739566,1,1,8.15,130.242,-3.075,0,TessLightCurve(TICID: 149739566)
16614,349059078,4,1,13.36,107.6127,-65.1146,0,TessLightCurve(TICID: 349059078)
3909,57035113,2,1,4.3,127.6191,-32.1593,0,TessLightCurve(TICID: 57035113)
8566,167793568,4,1,10.91,104.0326,-65.9658,0,TessLightCurve(TICID: 167793568)
7976,150751376,2,1,13.98,117.9528,-31.0848,0,TessLightCurve(TICID: 150751376)
8247,156532681,2,1,5.28,124.9856,-29.3475,0,TessLightCurve(TICID: 156532681)
12325,271476609,2,1,8.44,125.4077,-28.951,0,TessLightCurve(TICID: 271476609)
698,13537408,1,1,9.94,132.5007,-10.8859,0,TessLightCurve(TICID: 13537408)
4912,95785261,1,1,9.76,135.7887,-8.807,0,TessLightCurve(TICID: 95785261)
3417,52932529,3,1,13.2,125.7622,-44.7459,0,TessLightCurve(TICID: 52932529)
15627,332701193,1,2,9.98,150.0515,-13.3159,0,TessLightCurve(TICID: 332701193)
2189,33301586,1,2,12.47,149.7248,-11.2472,0,TessLightCurve(TICID: 33301586)
17235,350715999,4,2,7.8,88.3989,-56.6708,0,TessLightCurve(TICID: 350715999)
2538,38515255,4,3,10.57,62.6151,-62.179,0,TessLightCurve(TICID: 38515255)
589,11382157,2,3,9.37,145.6296,-26.4061,0,TessLightCurve(TICID: 11382157)
5011,96106991,1,2,10.58,147.2511,-8.7913,0,TessLightCurve(TICID: 96106991)
2137,33167874,1,2,7.82,148.4821,-10.5866,0,TessLightCurve(TICID: 33167874)
6604,141911201,4,4,10.91,94.6308,-76.0051,0,TessLightCurve(TICID: 141911201)
8625,170159728,3,3,8.65,101.8016,-47.1541,0,TessLightCurve(TICID: 170159728)
2100,32089054,4,3,9.48,58.3193,-70.1737,0,TessLightCurve(TICID: 32089054)
1330,25156969,2,2,11.13,143.2875,-30.6987,0,TessLightCurve(TICID: 25156969)
17683,370011106,4,3,10.89,60.5419,-66.5612,0,TessLightCurve(TICID: 370011106)
16453,348759552,2,4,10.52,134.2044,-17.5103,0,TessLightCurve(TICID: 348759552)
3824,55848818,4,3,10.93,75.8311,-62.1982,0,TessLightCurve(TICID: 55848818)
1334,25161053,2,2,8.71,143.1793,-34.3955,0,TessLightCurve(TICID: 25161053)
1435,25564810,2,2,11.65,144.6114,-30.4044,0,TessLightCurve(TICID: 25564810)
4915,95786794,1,1,12.1,135.8703,-6.1402,0,TessLightCurve(TICID: 95786794)
5862,134467368,3,2,10.23,122.4556,-39.061,0,TessLightCurve(TICID: 134467368)
7626,149989242,4,2,9.02,90.6223,-61.7133,0,TessLightCurve(TICID: 149989242)
19531,428626269,2,3,13.5,145.723,-22.0983,0,TessLightCurve(TICID: 428626269)
8665,170889350,1,1,10.32,139.5207,-3.9274,0,TessLightCurve(TICID: 170889350)
19625,434452068,2,3,9.69,139.7212,-19.3378,0,TessLightCurve(TICID: 434452068)
2011,31265672,4,4,10.52,76.5691,-71.3476,0,TessLightCurve(TICID: 31265672)
15634,332703291,1,2,8.02,150.0707,-16.5037,0,TessLightCurve(TICID: 332703291)
2558,38519063,4,3,10.52,63.1216,-61.6697,0,TessLightCurve(TICID: 38519063)
18778,396826300,1,2,8.44,148.3164,-13.9467,0,TessLightCurve(TICID: 396826300)
7735,150150095,4,2,9.2,92.961,-65.0479,0,TessLightCurve(TICID: 150150095)
16073,340640030,3,4,10.6,116.7108,-57.3977,0,TessLightCurve(TICID: 340640030)
2678,38682820,4,3,11.78,65.8749,-62.5822,0,TessLightCurve(TICID: 38682820)
7880,150360085,4,2,10.58,96.4334,-61.1082,0,TessLightCurve(TICID: 150360085)
973,19611290,2,2,14.32,139.8999,-31.5036,0,TessLightCurve(TICID: 19611290)
19513,424237928,2,1,14.09,127.7363,-31.4763,0,TessLightCurve(TICID: 424237928)
5219,114932270,2,4,11.08,132.7632,-15.6378,0,TessLightCurve(TICID: 114932270)
17762,372848061,4,3,9.59,67.7102,-58.6542,0,TessLightCurve(TICID: 372848061)
12404,271796731,4,1,10.03,111.1018,-72.2725,0,TessLightCurve(TICID: 271796731)
731,13709129,1,1,9.57,133.454,-7.9696,0,TessLightCurve(TICID: 13709129)
2584,38573872,4,3,11.84,63.6172,-61.1587,0,TessLightCurve(TICID: 38573872)
14555,300710451,4,1,13.88,115.2635,-70.7507,0,TessLightCurve(TICID: 300710451)
610,11465806,2,3,8.08,146.2209,-27.3647,0,TessLightCurve(TICID: 11465806)
502,5347658,2,3,8.15,139.0785,-23.1302,0,TessLightCurve(TICID: 5347658)
477,5165416,2,2,5.93,142.3167,-38.4035,0,TessLightCurve(TICID: 5165416)
10944,238165063,3,3,8.88,106.5514,-51.6113,0,TessLightCurve(TICID: 238165063)
1171,24785991,2,2,15.52,141.942,-30.3789,0,TessLightCurve(TICID: 24785991)
11378,260269519,4,2,11.58,94.2973,-54.7598,0,TessLightCurve(TICID: 260269519)
13344,283881257,2,1,15.56,129.0577,-26.521,0,TessLightCurve(TICID: 283881257)
10108,189617334,2,3,9.78,144.0425,-28.2765,0,TessLightCurve(TICID: 189617334)
19310,413204918,2,3,10.49,143.8868,-21.3569,0,TessLightCurve(TICID: 413204918)
7702,150106553,4,2,11.34,92.3365,-60.4473,0,TessLightCurve(TICID: 150106553)
18344,383217850,1,4,10.97,142.7117,2.456,0,TessLightCurve(TICID: 383217850)
4377,76178139,3,1,10.5,139.9441,-43.7712,0,TessLightCurve(TICID: 76178139)
12570,275250721,1,3,9.99,148.1948,5.6626,0,TessLightCurve(TICID: 275250721)
9159,177034802,4,1,5.76,102.6051,-69.9863,0,TessLightCurve(TICID: 177034802)
12302,270847875,3,1,8.22,132.1234,-47.5377,0,TessLightCurve(TICID: 270847875)
14093,294397009,3,3,10.56,109.3405,-56.7003,0,TessLightCurve(TICID: 294397009)
263,1404989,2,3,7.73,140.3848,-17.7577,0,TessLightCurve(TICID: 1404989)
17406,356072479,3,1,8.29,138.4358,-50.2235,0,TessLightCurve(TICID: 356072479)
14853,307702561,2,4,8.44,124.8194,-16.8606,0,TessLightCurve(TICID: 307702561)
6713,142107821,4,4,8.73,98.9599,-75.7938,0,TessLightCurve(TICID: 142107821)
15691,334656191,1,2,14.24,141.4833,-14.3734,0,TessLightCurve(TICID: 334656191)
276,1442502,1,2,8.87,142.6611,-15.1578,0,TessLightCurve(TICID: 1442502)
18932,405344987,2,4,13.4,128.662,-15.1968,0,TessLightCurve(TICID: 405344987)
15331,312068854,1,4,10.59,140.0225,8.4417,0,TessLightCurve(TICID: 312068854)
14236,296841960,1,2,9.86,142.5789,-16.8426,0,TessLightCurve(TICID: 296841960)
17180,350620911,4,2,11.47,87.62,-59.755,0,TessLightCurve(TICID: 350620911)
4250,70624037,2,3,7.99,139.5364,-27.2845,0,TessLightCurve(TICID: 70624037)
2453,38424405,4,3,8.25,60.4109,-61.9585,0,TessLightCurve(TICID: 38424405)
10509,220473997,4,3,12.05,75.2437,-59.5747,0,TessLightCurve(TICID: 220473997)
14437,300381517,4,1,10.74,111.188,-66.8338,0,TessLightCurve(TICID: 300381517)
11301,260128701,4,2,8.15,92.4076,-59.522,0,TessLightCurve(TICID: 260128701)
3568,55385093,4,3,11.16,77.5637,-65.3399,0,TessLightCurve(TICID: 55385093)
15385,315006585,2,3,10.57,145.0653,-28.5702,0,TessLightCurve(TICID: 315006585)
19289,413095191,2,4,13.44,127.5841,-23.6382,0,TessLightCurve(TICID: 413095191)
18016,380527820,2,3,9.05,140.0911,-19.5084,0,TessLightCurve(TICID: 380527820)
14046,294226604,2,4,14.22,132.745,-21.9584,0,TessLightCurve(TICID: 294226604)
6177,140938804,4,4,10.64,76.8458,-74.1697,0,TessLightCurve(TICID: 140938804)
7486,149630160,4,2,5.72,87.402,-60.6763,0,TessLightCurve(TICID: 149630160)
16005,340458849,3,4,7.02,115.5871,-58.6701,0,TessLightCurve(TICID: 340458849)
18104,382159195,4,2,9.94,80.9028,-55.5634,0,TessLightCurve(TICID: 382159195)
506,5362544,2,3,11.64,139.1983,-18.1416,0,TessLightCurve(TICID: 5362544)
12573,275251217,1,3,11.14,148.1161,3.4947,0,TessLightCurve(TICID: 275251217)
472,4854918,2,2,13.83,141.725,-40.301,0,TessLightCurve(TICID: 4854918)
8793,174475885,3,2,8.61,114.6137,-39.6928,0,TessLightCurve(TICID: 174475885)
174,1195021,1,1,12.45,136.1679,-12.3237,0,TessLightCurve(TICID: 1195021)
16136,341338266,3,4,10.4,119.7855,-59.8372,0,TessLightCurve(TICID: 341338266)
17226,350711249,4,2,8.03,88.1115,-57.9009,0,TessLightCurve(TICID: 350711249)
9169,177038077,4,1,8.59,103.1101,-66.8268,0,TessLightCurve(TICID: 177038077)
9290,177286607,4,4,11.38,102.816,-76.4932,0,TessLightCurve(TICID: 177286607)
9612,181513483,3,1,7.69,131.3848,-39.7521,0,TessLightCurve(TICID: 181513483)
5012,96141660,1,2,9.06,147.2126,-9.2475,0,TessLightCurve(TICID: 96141660)
7927,150430431,4,2,10.44,97.2141,-61.2556,0,TessLightCurve(TICID: 150430431)
2850,38954437,4,3,12.94,70.221,-60.9135,0,TessLightCurve(TICID: 38954437)
18566,389869337,4,4,10.47,87.8103,-67.7915,0,TessLightCurve(TICID: 389869337)
13886,293499268,1,2,12.75,140.4837,-13.8557,0,TessLightCurve(TICID: 293499268)
18917,405297025,2,4,14.67,128.3913,-16.42,0,TessLightCurve(TICID: 405297025)
533,5623719,2,2,15.18,143.3065,-38.0283,0,TessLightCurve(TICID: 5623719)
13839,291558139,3,3,10.58,111.6483,-52.7541,0,TessLightCurve(TICID: 291558139)
5294,118608254,2,4,9.6,130.2439,-23.452,0,TessLightCurve(TICID: 118608254)
5848,134355271,3,3,8.98,107.5046,-44.1821,0,TessLightCurve(TICID: 134355271)
19590,432135885,2,3,10.81,137.4644,-23.3165,0,TessLightCurve(TICID: 432135885)
9397,178874602,1,3,9.28,151.3631,-5.5781,0,TessLightCurve(TICID: 178874602)
11779,262611586,3,4,10.09,116.2209,-60.2087,0,TessLightCurve(TICID: 262611586)
1465,25610545,2,2,11.38,144.966,-31.5837,0,TessLightCurve(TICID: 25610545)
17809,372915107,3,1,9.84,138.0523,-48.1087,0,TessLightCurve(TICID: 372915107)
14982,308537491,3,4,11.46,120.9614,-61.1541,0,TessLightCurve(TICID: 308537491)
3468,54872774,1,1,12.81,130.8354,-7.202,0,TessLightCurve(TICID: 54872774)
17365,355375058,3,4,8.18,131.0817,-62.6858,0,TessLightCurve(TICID: 355375058)
539,5902886,2,2,12.39,143.8208,-37.003,0,TessLightCurve(TICID: 5902886)
15872,340065447,3,4,12.52,113.1293,-57.71,0,TessLightCurve(TICID: 340065447)
11302,260128839,4,2,13.91,92.384,-59.1833,0,TessLightCurve(TICID: 260128839)
6812,143202322,3,2,5.3,117.3675,-44.751,0,TessLightCurve(TICID: 143202322)
1426,25517076,2,2,13.98,144.309,-33.7039,0,TessLightCurve(TICID: 25517076)
6301,141267791,4,4,10.51,82.0137,-76.947,0,TessLightCurve(TICID: 141267791)
13811,290651893,1,4,8.13,141.0034,5.6062,0,TessLightCurve(TICID: 290651893)
9798,185699375,2,1,13.86,130.4373,-31.8429,0,TessLightCurve(TICID: 185699375)
3662,55523283,4,3,11.48,72.0205,-61.6811,0,TessLightCurve(TICID: 55523283)
1008,20037720,1,1,9.86,136.8903,-7.184,0,TessLightCurve(TICID: 20037720)
16342,347410818,2,4,10.26,133.0362,-15.1644,0,TessLightCurve(TICID: 347410818)
12296,270742379,3,1,8.75,132.0578,-44.8728,0,TessLightCurve(TICID: 270742379)
16937,350032229,3,4,12.13,114.9388,-60.4904,0,TessLightCurve(TICID: 350032229)
5383,119080870,2,4,9.76,136.2258,-18.2027,0,TessLightCurve(TICID: 119080870)
12229,270605051,1,4,9.6,136.5347,1.7492,0,TessLightCurve(TICID: 270605051)
10605,231097153,4,3,11.14,69.119,-69.0777,0,TessLightCurve(TICID: 231097153)
15026,308613867,3,4,12.02,121.6099,-62.1639,0,TessLightCurve(TICID: 308613867)
14634,305538699,2,3,14.32,139.3128,-16.1267,0,TessLightCurve(TICID: 305538699)
4550,78152374,1,3,13.15,147.7394,-1.5689,0,TessLightCurve(TICID: 78152373)
12586,275293113,1,3,10.41,149.4959,4.5698,0,TessLightCurve(TICID: 275293113)
8810,174744789,3,2,11.43,115.0716,-37.6106,0,TessLightCurve(TICID: 174744789)
6765,142753747,1,1,8.47,138.029,-3.5179,0,TessLightCurve(TICID: 142753747)
4531,78131818,1,3,8.11,147.3821,-0.8515,0,TessLightCurve(TICID: 78131818)
17331,350954963,4,2,8.65,91.0002,-54.1324,0,TessLightCurve(TICID: 350954963)
6722,142109665,4,4,9.9,99.3646,-75.9291,0,TessLightCurve(TICID: 142109665)
913,18894153,2,2,8.21,138.161,-33.6238,0,TessLightCurve(TICID: 18894153)
27,860526,1,1,9.67,135.1955,-4.3707,0,TessLightCurve(TICID: 860526)
15231,309702975,4,3,10.86,79.7088,-64.9503,0,TessLightCurve(TICID: 309702975)
11168,255746712,3,3,9.71,99.4869,-52.6022,0,TessLightCurve(TICID: 255746712)
10971,238446088,3,4,9.16,121.2593,-50.3928,0,TessLightCurve(TICID: 238446088)
16053,340561622,3,4,10.51,116.2142,-57.1831,0,TessLightCurve(TICID: 340561622)
9463,179369863,4,4,8.5,80.1233,-71.5336,0,TessLightCurve(TICID: 179369863)
10861,238063079,3,3,3.14,104.0667,-48.721,0,TessLightCurve(TICID: 238063079)
5517,123944630,3,2,9.62,116.5765,-46.3918,0,TessLightCurve(TICID: 123944630)
15938,340218847,3,4,11.07,113.949,-59.4154,0,TessLightCurve(TICID: 340218847)
12132,270458066,1,4,9.41,135.2916,1.9426,0,TessLightCurve(TICID: 270458066)
18619,391901095,4,1,7.29,115.8335,-70.0647,0,TessLightCurve(TICID: 391901095)
8136,154361257,2,1,14.39,121.7789,-24.0467,0,TessLightCurve(TICID: 154361257)
9563,180581211,3,1,6.71,129.0967,-38.4551,0,TessLightCurve(TICID: 180581211)
2031,31381302,4,4,12.38,88.3541,-71.5621,0,TessLightCurve(TICID: 31381302)
